7/15/2021,7:18:23 AM,45.5,50.3,54.5,1773.7
7/15/2021,7:19:08 AM,45.6,50.3,55.1,1777.2
7/15/2021,7:19:53 AM,45.5,50.4,54.8,1776.4
7/15/2021,7:20:38 AM,45.4,50.5,54.5,1775.5
7/15/2021,7:21:23 AM,46.0,50.4,54.8,1775.8
7/15/2021,7:22:08 AM,45.5,50.4,55.0,1774.5
7/15/2021,7:22:53 AM,45.7,50.4,54.9,1774.0
7/15/2021,7:23:38 AM,45.4,50.5,54.9,1771.7
7/15/2021,7:24:23 AM,45.6,50.4,55.0,1772.3
7/15/2021,7:25:08 AM,46.0,50.5,54.9,1773.1
7/15/2021,7:25:53 AM,45.4,50.5,55.0,1772.4
7/15/2021,7:26:38 AM,46.1,50.5,55.0,1772.4
7/15/2021,7:27:23 AM,45.9,50.5,55.1,1771.2
7/15/2021,7:28:08 AM,46.1,50.5,55.0,1770.8
7/15/2021,7:28:53 AM,45.5,50.5,55.1,1770.5
7/15/2021,7:29:38 AM,46.0,50.5,55.1,1772.1
7/15/2021,7:30:23 AM,46.1,50.5,55.1,1770.7
7/15/2021,7:31:08 AM,45.4,50.5,55.1,1768.5
7/15/2021,7:31:53 AM,45.8,50.5,55.1,1768.5
7/15/2021,7:32:38 AM,45.8,50.6,54.9,1769.2
7/15/2021,7:33:23 AM,45.8,50.6,55.5,1769.5
7/15/2021,7:34:08 AM,46.0,50.6,55.5,1768.1
7/15/2021,7:34:53 AM,45.8,50.6,55.6,1769.4
7/15/2021,7:35:38 AM,45.9,50.6,55.3,1769.3
7/15/2021,7:36:23 AM,45.8,50.7,55.6,1768.0
7/15/2021,7:37:08 AM,45.6,50.7,55.3,1768.7
7/15/2021,7:37:53 AM,46.0,50.6,55.4,1768.0
7/15/2021,7:38:38 AM,45.9,50.6,55.8,1768.7
7/15/2021,7:39:23 AM,46.2,50.6,55.4,1768.6
7/15/2021,7:40:08 AM,45.5,50.6,55.2,1768.3
7/15/2021,7:40:53 AM,46.0,50.7,55.1,1766.9
7/15/2021,7:41:38 AM,45.6,50.7,55.3,1769.0
7/15/2021,7:42:23 AM,45.6,50.9,55.4,1767.8
7/15/2021,7:43:08 AM,46.1,50.5,55.2,1767.4
7/15/2021,7:43:53 AM,45.6,50.8,55.8,1767.3
7/15/2021,7:44:38 AM,46.2,50.7,55.4,1767.3
7/15/2021,7:45:23 AM,46.1,50.8,55.4,1766.0
7/15/2021,7:46:08 AM,45.8,50.8,55.8,1766.5
7/15/2021,7:46:53 AM,45.9,50.8,55.7,1765.6
7/15/2021,7:47:38 AM,45.7,50.9,55.8,1766.1
7/15/2021,7:48:23 AM,45.7,50.8,55.7,1765.9
7/15/2021,7:49:08 AM,45.8,50.9,55.8,1765.6
7/15/2021,7:49:53 AM,46.2,50.9,56.0,1765.9
7/15/2021,7:50:38 AM,46.3,50.9,55.8,1765.1
7/15/2021,7:51:23 AM,46.0,50.9,56.2,1765.3
7/15/2021,7:52:08 AM,46.2,50.9,55.7,1765.6
7/15/2021,7:52:53 AM,45.7,50.9,55.8,1764.5
7/15/2021,7:53:38 AM,46.2,50.9,56.3,1763.9
7/15/2021,7:54:23 AM,46.4,50.9,56.2,1763.5
7/15/2021,7:55:08 AM,46.2,50.9,55.7,1764.3
7/15/2021,7:55:53 AM,46.2,50.9,55.8,1764.6
7/15/2021,7:56:38 AM,46.2,51.0,56.4,1763.1
7/15/2021,7:57:23 AM,46.4,50.9,56.2,1764.5
7/15/2021,7:58:07 AM,45.7,50.9,55.9,1765.0
7/15/2021,7:58:52 AM,45.8,50.9,56.4,1763.4
7/15/2021,7:59:37 AM,46.1,50.9,55.8,1763.6
7/15/2021,8:00:22 AM,46.1,50.9,56.1,1763.0
7/15/2021,8:01:07 AM,45.9,50.9,56.1,1763.8
7/15/2021,8:01:52 AM,46.2,51.0,56.1,1764.0
7/15/2021,8:02:37 AM,46.4,51.1,56.3,1764.5
7/15/2021,8:03:22 AM,46.1,51.0,56.4,1763.6
7/15/2021,8:04:07 AM,45.8,51.0,56.1,1763.5
7/15/2021,8:04:52 AM,45.8,51.1,56.7,1763.4
7/15/2021,8:05:37 AM,46.5,51.1,56.6,1762.9
7/15/2021,8:06:22 AM,46.4,51.1,56.6,1762.7
7/15/2021,8:07:07 AM,46.4,51.1,56.6,1764.1
7/15/2021,8:07:52 AM,46.0,51.1,56.6,1764.0
7/15/2021,8:08:37 AM,46.0,51.1,56.7,1764.4
7/15/2021,8:09:22 AM,46.3,51.1,56.8,1763.2
7/15/2021,8:10:07 AM,46.1,51.1,56.7,1762.8
7/15/2021,8:10:52 AM,46.1,51.1,56.2,1762.6
7/15/2021,8:11:37 AM,46.2,51.1,56.4,1762.4
7/15/2021,8:12:22 AM,46.2,51.1,56.1,1763.4
7/15/2021,8:13:07 AM,46.2,51.2,56.2,1761.9
7/15/2021,8:13:52 AM,46.1,51.2,56.6,1761.8
7/15/2021,8:14:37 AM,46.2,51.2,56.9,1762.5
7/15/2021,8:15:22 AM,46.2,51.1,56.7,1760.9
7/15/2021,8:16:07 AM,45.9,51.2,56.7,1762.5
7/15/2021,8:16:52 AM,46.3,51.1,56.7,1761.0
7/15/2021,8:17:37 AM,46.2,51.2,56.7,1760.5
7/15/2021,8:18:22 AM,46.2,51.3,56.8,1760.2
7/15/2021,8:19:07 AM,46.2,51.3,56.5,1761.4
7/15/2021,8:19:52 AM,46.2,51.2,56.7,1761.3
7/15/2021,8:20:37 AM,46.2,51.2,56.9,1761.4
7/15/2021,8:21:22 AM,46.3,51.2,57.1,1761.2
7/15/2021,8:22:07 AM,46.4,51.2,56.8,1761.6
7/15/2021,8:22:52 AM,46.0,51.3,56.5,1761.7
7/15/2021,8:23:37 AM,46.0,51.2,57.0,1761.4
7/15/2021,8:24:22 AM,46.3,51.3,57.2,1761.6
7/15/2021,8:25:07 AM,46.2,51.3,56.8,1761.9
7/15/2021,8:25:52 AM,46.4,51.3,56.9,1759.6
7/15/2021,8:26:37 AM,46.3,51.3,56.6,1761.0
7/15/2021,8:27:22 AM,46.6,51.3,57.3,1760.8
7/15/2021,8:28:07 AM,46.1,51.3,57.3,1760.6
7/15/2021,8:28:52 AM,46.3,51.3,56.8,1759.2
7/15/2021,8:29:37 AM,46.4,51.4,56.9,1760.5
7/15/2021,8:30:22 AM,46.4,51.3,57.2,1759.4
7/15/2021,8:31:07 AM,46.5,51.4,57.1,1760.0
7/15/2021,8:31:52 AM,46.4,51.4,57.3,1760.2
7/15/2021,8:32:37 AM,46.5,51.4,57.0,1759.1
7/15/2021,8:33:22 AM,46.4,51.5,56.9,1757.7
7/15/2021,8:34:07 AM,46.6,51.5,57.0,1758.6
7/15/2021,8:34:52 AM,46.1,51.5,57.1,1759.3
7/15/2021,8:35:37 AM,46.1,51.8,57.3,1760.3
7/15/2021,8:36:22 AM,46.6,51.2,57.4,1762.7
7/15/2021,8:37:07 AM,46.6,51.5,57.3,1758.6
7/15/2021,8:37:52 AM,46.5,51.8,57.3,1758.7
7/15/2021,8:38:37 AM,46.2,51.8,57.5,1759.5
7/15/2021,8:39:22 AM,46.1,51.5,57.5,1760.4
7/15/2021,8:40:07 AM,46.6,51.6,57.0,1759.3
7/15/2021,8:40:52 AM,46.6,51.5,57.1,1760.3
7/15/2021,8:41:37 AM,46.2,51.3,57.1,1760.4
7/15/2021,8:42:22 AM,46.2,51.6,57.0,1760.0
7/15/2021,8:43:07 AM,46.7,51.6,57.1,1759.6
7/15/2021,8:43:52 AM,46.2,51.7,57.1,1759.6
7/15/2021,8:44:37 AM,46.8,51.4,57.2,1758.9
7/15/2021,8:45:22 AM,46.1,51.8,57.2,1759.3
7/15/2021,8:46:07 AM,46.8,51.6,57.5,1758.0
7/15/2021,8:46:52 AM,46.8,51.6,57.2,1759.1
7/15/2021,8:47:37 AM,46.1,51.6,57.7,1758.2
7/15/2021,8:48:22 AM,46.8,51.6,57.7,1757.6
7/15/2021,8:49:07 AM,46.8,51.6,57.8,1757.2
7/15/2021,8:49:52 AM,46.4,51.7,57.2,1756.9
7/15/2021,8:50:37 AM,46.5,51.7,57.2,1757.1
7/15/2021,8:51:22 AM,46.5,51.7,57.5,1756.4
7/15/2021,8:52:07 AM,46.5,51.6,57.7,1757.3
7/15/2021,8:52:52 AM,46.5,51.6,57.8,1757.4
7/15/2021,8:53:37 AM,46.3,51.7,57.9,1757.1
7/15/2021,8:54:22 AM,46.3,51.7,57.5,1756.4
7/15/2021,8:55:06 AM,46.4,51.7,57.9,1755.9
7/15/2021,8:55:51 AM,46.4,51.5,58.0,1757.6
7/15/2021,8:56:36 AM,46.4,51.7,57.5,1756.8
7/15/2021,8:57:21 AM,46.5,51.7,57.6,1756.5
7/15/2021,8:58:06 AM,46.4,51.8,57.5,1755.5
7/15/2021,8:58:51 AM,46.9,51.8,57.7,1757.3
7/15/2021,8:59:36 AM,46.4,51.8,57.5,1756.8
7/15/2021,9:00:21 AM,46.9,51.8,57.8,1757.9
7/15/2021,9:01:06 AM,46.9,51.8,57.6,1758.0
7/15/2021,9:01:51 AM,46.4,51.8,58.1,1758.5
7/15/2021,9:02:36 AM,46.2,51.8,57.6,1758.6
7/15/2021,9:03:21 AM,46.6,51.8,58.2,1757.5
7/15/2021,9:04:06 AM,46.6,51.8,58.2,1758.4
7/15/2021,9:04:51 AM,46.6,51.8,58.2,1756.3
7/15/2021,9:05:36 AM,46.7,51.9,57.6,1758.1
7/15/2021,9:06:21 AM,47.1,51.8,57.8,1757.1
7/15/2021,9:07:06 AM,46.4,51.8,58.3,1757.2
7/15/2021,9:07:51 AM,46.5,51.9,58.3,1757.5
7/15/2021,9:08:36 AM,46.7,51.9,58.4,1757.5
7/15/2021,9:09:21 AM,47.0,51.9,57.9,1757.1
7/15/2021,9:10:06 AM,47.0,51.9,58.3,1757.2
7/15/2021,9:10:51 AM,46.8,51.9,58.4,1758.2
7/15/2021,9:11:36 AM,46.8,52.0,58.1,1757.7
7/15/2021,9:12:21 AM,46.8,51.9,58.5,1756.5
7/15/2021,9:13:06 AM,47.1,51.9,58.0,1757.3
7/15/2021,9:13:51 AM,46.5,51.9,58.2,1755.7
7/15/2021,9:14:36 AM,46.8,52.0,58.5,1757.3
7/15/2021,9:15:21 AM,46.8,52.0,57.9,1756.9
7/15/2021,9:16:06 AM,46.8,51.9,57.9,1757.3
7/15/2021,9:16:51 AM,47.1,52.0,58.5,1758.3
7/15/2021,9:17:36 AM,46.5,52.0,58.4,1754.5
7/15/2021,9:18:21 AM,46.5,52.0,58.0,1755.8
7/15/2021,9:19:06 AM,46.5,51.9,58.4,1755.8
7/15/2021,9:19:51 AM,47.1,52.0,58.5,1756.8
7/15/2021,9:20:36 AM,47.1,52.0,58.0,1756.1
7/15/2021,9:21:21 AM,46.8,52.0,58.0,1756.6
7/15/2021,9:22:06 AM,46.9,52.0,58.0,1754.8
7/15/2021,9:22:51 AM,46.9,52.0,58.6,1756.8
7/15/2021,9:23:36 AM,46.6,52.1,58.1,1756.8
7/15/2021,9:24:21 AM,46.9,52.0,58.5,1757.1
7/15/2021,9:25:06 AM,46.9,52.1,58.2,1757.5
7/15/2021,9:25:51 AM,47.2,52.1,58.3,1757.0
7/15/2021,9:26:36 AM,46.5,52.1,58.6,1756.5
7/15/2021,9:27:21 AM,46.6,52.2,58.7,1756.9
7/15/2021,9:28:06 AM,46.8,52.2,58.4,1757.5
7/15/2021,9:28:51 AM,46.9,52.2,58.7,1757.8
7/15/2021,9:29:36 AM,46.8,52.1,58.3,1757.0
7/15/2021,9:30:21 AM,47.2,52.1,58.7,1757.0
7/15/2021,9:31:06 AM,46.7,52.2,58.9,1757.9
7/15/2021,9:31:51 AM,46.5,52.2,58.9,1760.5
7/15/2021,9:32:36 AM,47.1,52.5,58.5,1756.8
7/15/2021,9:33:21 AM,46.6,52.2,58.8,1757.5
7/15/2021,9:34:06 AM,47.1,52.2,58.4,1756.9
7/15/2021,9:34:51 AM,46.9,52.2,58.9,1756.3
7/15/2021,9:35:36 AM,46.9,52.2,58.8,1757.2
7/15/2021,9:36:21 AM,46.9,52.3,58.5,1756.2
7/15/2021,9:37:06 AM,46.9,52.2,58.5,1756.1
7/15/2021,9:37:51 AM,47.2,52.3,58.9,1755.8
7/15/2021,9:38:36 AM,47.2,52.5,58.6,1757.4
7/15/2021,9:39:21 AM,47.2,52.3,59.1,1755.0
7/15/2021,9:40:06 AM,47.2,52.3,58.7,1755.6
7/15/2021,9:40:51 AM,47.2,52.3,58.6,1755.4
7/15/2021,9:41:36 AM,46.6,52.3,58.5,1754.6
7/15/2021,9:42:21 AM,46.9,52.3,58.6,1755.3
7/15/2021,9:43:06 AM,47.1,52.3,59.1,1755.9
7/15/2021,9:43:51 AM,47.1,52.3,58.9,1753.8
7/15/2021,9:44:36 AM,47.4,52.3,58.7,1755.9
7/15/2021,9:45:21 AM,47.0,52.4,58.9,1754.5
7/15/2021,9:46:06 AM,47.1,52.5,59.1,1754.7
7/15/2021,9:46:51 AM,47.1,52.4,58.7,1753.0
7/15/2021,9:47:36 AM,47.1,52.5,59.3,1755.1
7/15/2021,9:48:21 AM,47.4,52.4,59.1,1754.1
7/15/2021,9:49:06 AM,46.8,52.2,58.7,1754.2
7/15/2021,9:49:51 AM,47.4,52.5,59.3,1754.1
7/15/2021,9:50:36 AM,47.3,52.5,58.7,1754.4
7/15/2021,9:51:20 AM,47.4,52.4,58.7,1753.7
7/15/2021,9:52:05 AM,46.9,52.5,59.2,1756.0
7/15/2021,9:52:50 AM,46.9,52.7,59.3,1754.5
7/15/2021,9:53:35 AM,47.2,52.5,59.2,1754.5
7/15/2021,9:54:20 AM,47.4,52.5,59.4,1753.7
7/15/2021,9:55:05 AM,47.1,52.5,59.4,1754.5
7/15/2021,9:55:50 AM,47.1,52.4,58.7,1754.5
7/15/2021,9:56:35 AM,47.4,52.5,59.4,1754.2
7/15/2021,9:57:20 AM,47.2,52.5,58.8,1755.1
7/15/2021,9:58:05 AM,47.4,52.5,59.3,1754.2
7/15/2021,9:58:50 AM,47.4,52.5,59.3,1754.2
7/15/2021,9:59:35 AM,46.9,52.5,59.3,1754.4
7/15/2021,10:00:20 AM,46.8,52.5,59.3,1755.2
7/15/2021,10:01:05 AM,46.9,52.5,59.5,1756.2
7/15/2021,10:01:50 AM,47.2,52.5,59.4,1755.1
7/15/2021,10:02:35 AM,47.5,52.4,59.4,1757.6
7/15/2021,10:03:20 AM,47.3,52.3,59.2,1757.8
7/15/2021,10:04:05 AM,47.6,52.6,59.5,1758.1
7/15/2021,10:04:50 AM,47.1,52.5,59.1,1757.8
7/15/2021,10:05:35 AM,47.2,52.5,59.4,1757.9
7/15/2021,10:06:20 AM,46.9,52.3,59.1,1758.0
7/15/2021,10:07:05 AM,47.4,52.5,59.0,1758.2
7/15/2021,10:07:50 AM,46.8,52.9,59.2,1758.5
7/15/2021,10:08:35 AM,47.4,52.6,59.2,1758.8
7/15/2021,10:09:20 AM,47.4,52.6,59.1,1758.9
7/15/2021,10:10:05 AM,47.4,52.6,59.3,1758.0
7/15/2021,10:10:50 AM,47.3,52.7,59.1,1758.9
7/15/2021,10:11:35 AM,46.9,52.6,59.3,1757.5
7/15/2021,10:12:20 AM,47.2,52.7,59.3,1758.5
7/15/2021,10:13:05 AM,47.4,52.7,59.2,1760.3
7/15/2021,10:13:50 AM,47.4,52.9,59.7,1759.0
7/15/2021,10:14:35 AM,46.9,52.7,59.3,1760.6
7/15/2021,10:15:20 AM,46.9,52.7,59.3,1758.8
7/15/2021,10:16:05 AM,47.1,52.7,59.7,1760.0
7/15/2021,10:16:50 AM,46.9,52.7,59.7,1759.4
7/15/2021,10:17:35 AM,47.4,52.5,59.3,1758.9
7/15/2021,10:18:20 AM,47.2,52.7,59.7,1759.2
7/15/2021,10:19:05 AM,47.2,52.8,59.3,1759.0
7/15/2021,10:19:50 AM,46.9,52.7,59.8,1760.4
7/15/2021,10:20:35 AM,47.4,52.8,59.4,1760.2
7/15/2021,10:21:20 AM,47.0,52.6,59.9,1759.3
7/15/2021,10:22:05 AM,47.6,52.6,59.8,1760.5
7/15/2021,10:22:50 AM,47.1,52.8,59.4,1760.6
7/15/2021,10:23:35 AM,47.5,52.8,59.5,1760.0
7/15/2021,10:24:20 AM,47.0,52.8,59.8,1760.4
7/15/2021,10:25:05 AM,47.4,52.8,59.7,1760.9
7/15/2021,10:25:50 AM,47.0,52.8,60.0,1761.0
7/15/2021,10:26:35 AM,47.1,53.1,59.7,1761.5
7/15/2021,10:27:20 AM,47.0,53.0,59.4,1761.6
7/15/2021,10:28:05 AM,47.4,52.6,59.4,1760.8
7/15/2021,10:28:50 AM,47.2,52.9,60.0,1760.8
7/15/2021,10:29:35 AM,47.5,52.9,59.5,1759.8
7/15/2021,10:30:20 AM,47.1,52.9,59.7,1760.7
7/15/2021,10:31:05 AM,47.0,52.9,59.4,1761.4
7/15/2021,10:31:50 AM,47.2,52.9,59.6,1760.1
7/15/2021,10:32:35 AM,47.5,53.3,60.1,1761.0
7/15/2021,10:33:20 AM,47.0,53.2,59.8,1760.5
7/15/2021,10:34:05 AM,47.1,52.7,60.1,1760.7
7/15/2021,10:34:50 AM,47.8,52.9,59.7,1760.7
7/15/2021,10:35:35 AM,47.1,53.0,59.6,1760.8
7/15/2021,10:36:20 AM,47.1,53.0,60.1,1760.0
7/15/2021,10:37:05 AM,47.6,53.0,60.0,1760.5
7/15/2021,10:37:50 AM,47.6,53.0,59.7,1760.8
7/15/2021,10:38:35 AM,47.1,53.2,60.0,1759.4
7/15/2021,10:39:20 AM,47.0,53.0,60.3,1761.3
7/15/2021,10:40:05 AM,47.6,53.0,59.8,1760.4
7/15/2021,10:40:50 AM,47.7,53.0,59.7,1762.4
7/15/2021,10:41:35 AM,47.8,53.0,60.0,1761.6
7/15/2021,10:42:20 AM,47.1,53.1,59.9,1762.2
7/15/2021,10:43:05 AM,47.3,53.0,59.8,1761.3
7/15/2021,10:43:50 AM,47.6,53.0,60.1,1762.3
7/15/2021,10:44:35 AM,47.3,53.3,59.8,1763.8
7/15/2021,10:45:20 AM,47.6,53.0,60.1,1763.7
7/15/2021,10:46:05 AM,47.6,52.9,60.0,1762.7
7/15/2021,10:46:50 AM,47.9,53.0,60.0,1763.6
7/15/2021,10:47:34 AM,47.7,53.2,59.8,1763.9
7/15/2021,10:48:19 AM,47.8,53.1,59.9,1762.0
7/15/2021,10:49:04 AM,47.4,53.1,60.2,1761.6
7/15/2021,10:49:49 AM,47.6,53.0,60.3,1763.1
7/15/2021,10:50:34 AM,47.5,53.1,60.2,1763.2
7/15/2021,10:51:19 AM,47.7,53.1,59.8,1763.2
7/15/2021,10:52:04 AM,47.5,53.2,60.3,1764.2
7/15/2021,10:52:49 AM,47.8,53.2,60.4,1764.8
7/15/2021,10:53:34 AM,47.9,53.3,59.8,1770.3
7/15/2021,10:54:19 AM,47.4,53.2,60.1,1765.4
7/15/2021,10:55:04 AM,48.0,53.1,60.4,1766.9
7/15/2021,10:55:49 AM,47.3,53.4,60.5,1765.9
7/15/2021,10:56:34 AM,47.8,52.9,60.5,1766.1
7/15/2021,10:57:19 AM,47.9,53.0,60.2,1766.0
7/15/2021,10:58:04 AM,47.3,53.2,60.1,1764.9
7/15/2021,10:58:49 AM,47.6,53.2,60.0,1766.5
7/15/2021,10:59:34 AM,47.9,53.2,60.1,1764.5
7/15/2021,11:00:19 AM,47.4,53.3,60.1,1764.3
7/15/2021,11:01:04 AM,47.4,53.3,60.5,1764.1
7/15/2021,11:01:49 AM,47.9,53.3,60.0,1765.3
7/15/2021,11:02:34 AM,47.4,53.2,60.0,1765.0
7/15/2021,11:03:19 AM,47.7,53.3,60.2,1764.5
7/15/2021,11:04:04 AM,47.7,53.3,60.7,1766.6
7/15/2021,11:04:49 AM,47.5,53.3,60.2,1765.6
7/15/2021,11:05:34 AM,48.0,53.3,60.2,1766.3
7/15/2021,11:06:19 AM,47.4,53.3,60.1,1765.9
7/15/2021,11:07:04 AM,47.5,53.6,60.1,1766.4
7/15/2021,11:07:49 AM,47.9,53.4,60.1,1765.0
7/15/2021,11:08:34 AM,47.4,53.6,60.3,1765.6
7/15/2021,11:09:19 AM,47.5,53.3,60.6,1765.1
7/15/2021,11:10:04 AM,47.8,53.4,60.7,1764.8
7/15/2021,11:10:49 AM,47.3,53.4,60.3,1764.5
7/15/2021,11:11:34 AM,47.9,53.2,60.3,1764.4
7/15/2021,11:12:19 AM,47.9,53.1,60.9,1765.3
7/15/2021,11:13:04 AM,47.5,53.2,60.2,1766.7
7/15/2021,11:13:49 AM,47.4,53.5,60.9,1766.6
7/15/2021,11:14:34 AM,47.4,53.7,60.3,1766.4
7/15/2021,11:15:19 AM,47.5,53.7,60.4,1766.6
7/15/2021,11:16:04 AM,48.1,53.4,60.2,1765.3
7/15/2021,11:16:49 AM,48.0,53.4,60.4,1766.5
7/15/2021,11:17:34 AM,47.9,53.4,60.4,1768.2
7/15/2021,11:18:19 AM,48.1,53.2,60.3,1766.8
7/15/2021,11:19:04 AM,47.5,53.4,60.4,1766.7
7/15/2021,11:19:49 AM,47.5,53.5,60.5,1768.1
7/15/2021,11:20:34 AM,48.1,53.6,60.7,1767.0
7/15/2021,11:21:19 AM,47.5,53.7,61.0,1765.7
7/15/2021,11:22:04 AM,47.6,53.7,60.5,1766.8
7/15/2021,11:22:49 AM,47.6,53.3,60.9,1765.6
7/15/2021,11:23:34 AM,48.1,53.6,60.5,1766.1
7/15/2021,11:24:19 AM,48.0,53.5,61.1,1765.8
7/15/2021,11:25:04 AM,48.0,53.8,60.5,1767.1
7/15/2021,11:25:49 AM,47.6,53.3,61.0,1765.2
7/15/2021,11:26:34 AM,47.6,53.8,60.8,1765.3
7/15/2021,11:27:19 AM,48.1,53.4,61.1,1765.5
7/15/2021,11:28:04 AM,47.7,53.3,61.2,1765.5
7/15/2021,11:28:49 AM,48.2,53.3,61.0,1766.9
7/15/2021,11:29:34 AM,47.6,53.6,60.5,1766.3
7/15/2021,11:30:19 AM,47.7,53.5,61.2,1767.7
7/15/2021,11:31:04 AM,48.1,53.4,61.2,1766.9
7/15/2021,11:31:49 AM,47.6,53.4,60.8,1768.0
7/15/2021,11:32:34 AM,48.2,53.4,60.8,1767.0
7/15/2021,11:33:19 AM,47.6,53.4,61.2,1768.7
7/15/2021,11:34:04 AM,47.6,53.4,61.0,1766.7
7/15/2021,11:34:49 AM,48.2,53.4,60.6,1767.7
7/15/2021,11:35:34 AM,47.7,53.9,61.3,1768.4
7/15/2021,11:36:19 AM,48.2,53.9,61.0,1768.0
7/15/2021,11:37:04 AM,47.7,53.7,61.2,1767.3
7/15/2021,11:37:49 AM,47.6,53.7,60.6,1768.0
7/15/2021,11:38:34 AM,48.2,53.4,60.7,1768.0
7/15/2021,11:39:19 AM,47.7,53.5,61.4,1765.3
7/15/2021,11:40:04 AM,47.7,53.9,60.8,1767.0
7/15/2021,11:40:49 AM,47.7,53.6,61.1,1766.8
7/15/2021,11:41:34 AM,48.3,53.9,60.9,1764.9
7/15/2021,11:42:19 AM,48.2,53.9,61.2,1765.8
7/15/2021,11:43:04 AM,47.7,53.7,61.0,1765.9
7/15/2021,11:43:48 AM,48.2,53.6,60.8,1768.0
7/15/2021,11:44:33 AM,48.3,53.7,61.4,1766.7
7/15/2021,11:45:18 AM,47.7,54.1,60.8,1768.0
7/15/2021,11:46:03 AM,47.8,53.6,61.2,1767.6
7/15/2021,11:46:48 AM,47.8,54.0,61.4,1769.6
7/15/2021,11:47:33 AM,47.8,53.9,60.7,1768.8
7/15/2021,11:48:18 AM,48.2,53.7,61.1,1768.5
7/15/2021,11:49:03 AM,48.3,53.6,60.8,1768.0
7/15/2021,11:49:48 AM,47.9,53.7,61.2,1768.7
7/15/2021,11:50:33 AM,47.8,53.9,61.6,1767.8
7/15/2021,11:51:18 AM,48.3,54.0,60.9,1769.1
7/15/2021,11:52:03 AM,48.4,53.6,61.4,1767.8
7/15/2021,11:52:48 AM,47.7,53.6,61.5,1768.8
7/15/2021,11:53:33 AM,47.7,53.6,60.8,1767.5
7/15/2021,11:54:18 AM,48.0,53.7,61.6,1766.8
7/15/2021,11:55:03 AM,48.4,54.1,61.0,1769.3
7/15/2021,11:55:48 AM,47.8,54.0,60.8,1768.1
7/15/2021,11:56:33 AM,48.4,54.1,60.9,1767.6
7/15/2021,11:57:18 AM,47.8,53.7,61.5,1767.0
7/15/2021,11:58:03 AM,47.7,53.6,61.3,1767.6
7/15/2021,11:58:48 AM,48.5,53.9,61.5,1768.8
7/15/2021,11:59:33 AM,48.5,53.9,61.4,1767.7
7/15/2021,12:00:18 PM,47.8,53.9,61.2,1767.1
7/15/2021,12:01:03 PM,48.4,54.1,61.0,1768.7
7/15/2021,12:01:48 PM,48.4,53.7,61.6,1768.6
7/15/2021,12:02:33 PM,48.4,54.1,61.7,1766.9
7/15/2021,12:03:18 PM,48.4,53.8,61.4,1767.1
7/15/2021,12:04:03 PM,48.4,53.8,61.3,1751.1
7/15/2021,12:04:48 PM,48.4,53.9,61.4,1749.9
7/15/2021,12:05:33 PM,47.8,53.9,61.4,1770.6
7/15/2021,12:06:18 PM,47.8,54.0,61.0,1769.9
7/15/2021,12:07:03 PM,48.5,54.0,61.7,1769.8
7/15/2021,12:07:48 PM,47.8,54.0,61.2,1768.4
7/15/2021,12:08:33 PM,47.9,54.0,61.3,1769.6
7/15/2021,12:09:18 PM,48.3,53.7,61.4,1770.0
7/15/2021,12:10:03 PM,48.5,54.1,61.1,1768.4
7/15/2021,12:10:48 PM,48.5,53.7,61.8,1769.2
7/15/2021,12:11:33 PM,47.8,54.1,61.7,1767.8
7/15/2021,12:12:18 PM,48.5,53.7,61.1,1769.1
7/15/2021,12:13:03 PM,48.4,54.3,61.6,1768.5
7/15/2021,12:13:48 PM,48.3,53.9,61.2,1767.2
7/15/2021,12:14:33 PM,48.0,54.3,61.1,1769.3
7/15/2021,12:15:18 PM,48.0,54.0,61.4,1767.8
7/15/2021,12:16:03 PM,47.9,54.0,61.2,1767.2
7/15/2021,12:16:48 PM,48.4,53.9,61.8,1767.6
7/15/2021,12:17:33 PM,48.0,54.1,61.6,1768.0
7/15/2021,12:18:18 PM,48.4,54.2,61.1,1767.9
7/15/2021,12:19:03 PM,47.9,54.3,61.9,1767.6
7/15/2021,12:19:48 PM,47.9,53.9,61.4,1770.0
7/15/2021,12:20:33 PM,48.0,54.2,61.3,1768.7
7/15/2021,12:21:18 PM,48.0,54.3,61.5,1768.0
7/15/2021,12:22:03 PM,47.9,53.8,61.5,1769.6
7/15/2021,12:22:48 PM,48.4,53.9,61.2,1769.1
7/15/2021,12:23:33 PM,48.0,54.4,61.7,1768.0
7/15/2021,12:24:18 PM,48.6,54.4,61.7,1768.5
7/15/2021,12:25:03 PM,48.5,54.3,61.6,1768.6
7/15/2021,12:25:48 PM,48.0,54.1,61.4,1768.6
7/15/2021,12:26:33 PM,48.5,54.1,61.4,1769.7
7/15/2021,12:27:18 PM,48.7,54.1,61.7,1769.1
7/15/2021,12:28:03 PM,47.9,54.1,61.4,1769.2
7/15/2021,12:28:48 PM,48.5,54.1,61.6,1769.8
7/15/2021,12:29:33 PM,48.0,54.0,62.0,1769.4
7/15/2021,12:30:18 PM,48.0,53.9,61.5,1771.3
7/15/2021,12:31:03 PM,48.0,54.0,61.9,1769.9
7/15/2021,12:31:48 PM,48.2,53.9,61.9,1770.9
7/15/2021,12:32:33 PM,48.1,54.1,61.4,1769.8
7/15/2021,12:33:18 PM,48.6,54.3,61.9,1770.6
7/15/2021,12:34:03 PM,48.5,54.3,62.0,1771.4
7/15/2021,12:34:48 PM,48.6,54.2,61.9,1770.4
7/15/2021,12:35:33 PM,48.6,54.2,62.0,1770.4
7/15/2021,12:36:18 PM,48.1,54.4,61.7,1770.9
7/15/2021,12:37:03 PM,48.6,54.0,62.1,1771.4
7/15/2021,12:37:48 PM,48.1,54.0,61.6,1771.2
7/15/2021,12:38:33 PM,48.6,54.4,62.0,1769.9
7/15/2021,12:39:18 PM,48.1,54.6,61.8,1771.8
7/15/2021,12:40:02 PM,48.6,54.5,62.2,1771.9
7/15/2021,12:40:47 PM,48.1,54.1,61.7,1773.3
7/15/2021,12:41:32 PM,48.6,54.1,61.5,1772.5
7/15/2021,12:42:17 PM,48.7,54.1,62.1,1773.1
7/15/2021,12:43:02 PM,48.7,54.1,62.2,1772.1
7/15/2021,12:43:47 PM,48.6,54.4,62.1,1771.8
7/15/2021,12:44:32 PM,48.8,54.4,62.0,1771.8
7/15/2021,12:45:17 PM,48.7,54.0,61.6,1771.4
7/15/2021,12:46:02 PM,48.3,54.1,62.2,1773.0
7/15/2021,12:46:47 PM,48.7,54.1,62.2,1772.5
7/15/2021,12:47:32 PM,48.8,54.6,62.2,1773.0
7/15/2021,12:48:17 PM,48.6,54.1,61.5,1772.9
7/15/2021,12:49:02 PM,48.2,54.1,61.5,1772.4
7/15/2021,12:49:47 PM,48.7,54.4,61.5,1774.1
7/15/2021,12:50:32 PM,48.2,54.1,62.1,1774.1
7/15/2021,12:51:17 PM,48.8,54.4,62.4,1775.4
7/15/2021,12:52:02 PM,48.2,54.6,62.1,1774.8
7/15/2021,12:52:47 PM,48.2,54.7,62.2,1775.8
7/15/2021,12:53:32 PM,48.7,54.5,62.3,1776.2
7/15/2021,12:54:17 PM,48.2,54.6,62.0,1776.8
7/15/2021,12:55:02 PM,48.2,54.6,61.9,1775.9
7/15/2021,12:55:47 PM,48.2,54.6,62.4,1776.4
7/15/2021,12:56:32 PM,48.8,54.2,62.3,1778.4
7/15/2021,12:57:17 PM,48.2,54.2,62.3,1779.4
7/15/2021,12:58:02 PM,48.8,54.7,61.7,1778.0
7/15/2021,12:58:47 PM,48.8,54.2,61.7,1778.0
7/15/2021,12:59:32 PM,48.7,54.6,62.3,1777.2
7/15/2021,1:00:17 PM,48.3,54.2,62.1,1777.7
7/15/2021,1:01:02 PM,48.4,54.2,61.7,1778.5
7/15/2021,1:01:47 PM,48.2,54.7,62.2,1778.5
7/15/2021,1:02:32 PM,48.2,54.2,61.7,1780.0
7/15/2021,1:03:17 PM,48.4,54.7,61.7,1778.7
7/15/2021,1:04:02 PM,48.7,54.8,62.4,1778.9
7/15/2021,1:04:47 PM,48.3,54.6,62.1,1779.6
7/15/2021,1:05:32 PM,48.3,54.3,61.8,1777.6
7/15/2021,1:06:17 PM,48.4,54.3,61.9,1779.4
7/15/2021,1:07:02 PM,48.2,54.3,62.4,1778.3
7/15/2021,1:07:47 PM,48.3,54.2,62.3,1778.9
7/15/2021,1:08:32 PM,48.8,54.3,61.9,1779.3
7/15/2021,1:09:17 PM,48.4,54.8,61.9,1777.1
7/15/2021,1:10:02 PM,48.8,54.7,62.4,1774.5
7/15/2021,1:10:47 PM,48.8,54.7,61.8,1780.2
7/15/2021,1:11:32 PM,48.9,54.3,62.3,1779.5
7/15/2021,1:12:17 PM,48.4,54.6,62.3,1779.4
7/15/2021,1:13:02 PM,48.4,54.3,61.9,1778.2
7/15/2021,1:13:47 PM,48.4,54.5,62.6,1774.7
7/15/2021,1:14:32 PM,48.9,54.3,62.6,1779.9
7/15/2021,1:15:17 PM,48.4,54.8,61.9,1775.3
7/15/2021,1:16:02 PM,48.4,54.4,62.4,1779.9
7/15/2021,1:16:47 PM,48.9,54.8,62.4,1774.2
7/15/2021,1:17:32 PM,48.9,54.8,62.5,1774.7
7/15/2021,1:18:17 PM,48.3,54.2,62.5,1774.7
7/15/2021,1:19:02 PM,48.4,54.7,62.4,1779.9
7/15/2021,1:19:47 PM,48.8,54.6,62.2,1775.3
7/15/2021,1:20:32 PM,48.4,54.3,61.9,1774.3
7/15/2021,1:21:17 PM,48.9,54.4,61.9,1774.9
7/15/2021,1:22:02 PM,48.9,54.3,62.1,1779.2
7/15/2021,1:22:47 PM,48.4,54.8,62.2,1774.8
7/15/2021,1:23:32 PM,48.3,54.4,62.1,1780.2
7/15/2021,1:24:17 PM,48.8,54.8,62.1,1774.8
7/15/2021,1:25:02 PM,48.4,54.3,62.5,1780.2
7/15/2021,1:25:47 PM,48.8,54.8,62.6,1776.0
7/15/2021,1:26:32 PM,49.0,54.4,62.0,1779.8
7/15/2021,1:27:17 PM,48.9,54.9,62.6,1774.5
7/15/2021,1:28:02 PM,48.9,54.8,62.1,1779.3
7/15/2021,1:28:47 PM,48.4,54.5,61.9,1775.6
7/15/2021,1:29:32 PM,48.9,54.4,62.6,1779.7
7/15/2021,1:30:17 PM,48.4,54.4,62.1,1780.1
7/15/2021,1:31:02 PM,48.3,54.5,62.0,1775.6
7/15/2021,1:31:47 PM,48.9,54.7,62.0,1775.0
7/15/2021,1:32:32 PM,48.9,54.8,62.1,1778.0
7/15/2021,1:33:17 PM,49.0,54.9,62.1,1779.4
7/15/2021,1:34:02 PM,48.5,54.5,62.0,1777.3
7/15/2021,1:34:47 PM,48.9,54.7,62.7,1778.7
7/15/2021,1:35:32 PM,49.0,54.5,62.0,1778.1
7/15/2021,1:36:16 PM,49.0,54.9,62.1,1778.8
7/15/2021,1:37:01 PM,48.5,54.7,62.4,1778.4
7/15/2021,1:37:46 PM,48.8,54.4,62.2,1779.7
7/15/2021,1:38:31 PM,48.9,54.7,62.2,1779.2
7/15/2021,1:39:16 PM,49.0,54.9,62.2,1779.0
7/15/2021,1:40:01 PM,48.6,54.9,62.7,1778.7
7/15/2021,1:40:46 PM,48.4,54.8,62.6,1779.9
7/15/2021,1:41:31 PM,49.0,54.9,62.1,1774.9
7/15/2021,1:42:16 PM,48.9,54.9,62.8,1780.3
7/15/2021,1:43:01 PM,49.1,54.5,62.1,1775.4
7/15/2021,1:43:46 PM,49.0,55.0,62.2,1779.9
7/15/2021,1:44:31 PM,48.5,55.0,62.3,1780.2
7/15/2021,1:45:16 PM,48.5,54.8,62.7,1774.8
7/15/2021,1:46:01 PM,48.5,54.9,62.3,1780.2
7/15/2021,1:46:46 PM,49.1,54.6,62.7,1775.6
7/15/2021,1:47:31 PM,48.5,54.8,62.9,1774.3
7/15/2021,1:48:16 PM,48.5,54.5,62.3,1775.5
7/15/2021,1:49:01 PM,48.9,54.5,62.2,1774.9
7/15/2021,1:49:46 PM,48.9,55.0,62.8,1775.2
7/15/2021,1:50:31 PM,48.5,55.0,62.2,1775.1
7/15/2021,1:51:16 PM,48.4,54.9,62.8,1776.3
7/15/2021,1:52:01 PM,48.5,55.0,62.2,1776.3
7/15/2021,1:52:46 PM,49.1,55.0,62.9,1776.0
7/15/2021,1:53:31 PM,48.6,54.6,62.9,1776.3
7/15/2021,1:54:16 PM,48.5,55.0,62.2,1776.2
7/15/2021,1:55:01 PM,48.5,54.6,62.2,1775.3
7/15/2021,1:55:46 PM,49.0,55.0,62.8,1775.5
7/15/2021,1:56:31 PM,48.9,55.0,63.0,1776.8
7/15/2021,1:57:16 PM,48.5,54.6,62.8,1777.2
7/15/2021,1:58:01 PM,49.0,54.6,62.9,1777.1
7/15/2021,1:58:46 PM,48.5,55.1,62.9,1777.8
7/15/2021,1:59:31 PM,48.5,54.6,62.3,1776.1
7/15/2021,2:00:16 PM,48.6,54.6,62.3,1774.7
7/15/2021,2:01:01 PM,48.9,54.6,62.8,1776.0
7/15/2021,2:01:46 PM,48.5,54.6,62.5,1775.4
7/15/2021,2:02:31 PM,48.6,55.1,63.1,1776.5
7/15/2021,2:03:16 PM,48.6,55.0,62.4,1776.5
7/15/2021,2:04:01 PM,45.2,54.4,62.4,1776.1
7/15/2021,2:04:46 PM,47.0,54.2,62.4,1775.8
7/15/2021,2:05:31 PM,47.8,54.8,62.4,1775.9
7/15/2021,2:06:16 PM,48.5,54.3,62.2,1775.9
7/15/2021,2:07:01 PM,48.1,54.2,62.9,1777.2
7/15/2021,2:07:46 PM,48.5,54.8,62.4,1775.3
7/15/2021,2:08:31 PM,48.6,54.9,62.8,1776.2
7/15/2021,2:09:16 PM,48.8,54.7,62.8,1776.1
7/15/2021,2:10:01 PM,48.7,54.8,62.9,1776.1
7/15/2021,2:10:46 PM,48.2,54.8,62.9,1776.5
7/15/2021,2:11:31 PM,48.3,54.9,62.3,1776.2
7/15/2021,2:12:16 PM,48.7,54.9,62.9,1775.4
7/15/2021,2:13:01 PM,48.7,54.9,62.4,1777.3
7/15/2021,2:13:46 PM,48.8,55.0,62.8,1775.3
7/15/2021,2:14:31 PM,48.4,54.4,62.9,1776.5
7/15/2021,2:15:16 PM,48.3,55.0,63.0,1775.9
7/15/2021,2:16:01 PM,48.3,55.0,62.3,1777.0
7/15/2021,2:16:46 PM,48.3,54.5,62.5,1776.3
7/15/2021,2:17:31 PM,48.3,55.0,62.6,1776.6
7/15/2021,2:18:16 PM,48.3,54.9,62.4,1775.1
7/15/2021,2:19:01 PM,48.8,54.6,62.5,1776.0
7/15/2021,2:19:46 PM,48.3,54.6,62.8,1775.9
7/15/2021,2:20:31 PM,48.7,54.9,62.9,1774.7
7/15/2021,2:21:16 PM,48.8,55.0,62.8,1775.4
7/15/2021,2:22:01 PM,48.7,54.5,63.0,1775.7
7/15/2021,2:22:46 PM,48.9,54.7,62.3,1776.2
7/15/2021,2:23:31 PM,48.8,55.0,62.4,1775.3
7/15/2021,2:24:16 PM,48.2,54.6,62.5,1776.6
7/15/2021,2:25:01 PM,48.3,54.6,63.1,1776.6
7/15/2021,2:25:46 PM,48.8,54.6,62.5,1777.0
7/15/2021,2:26:31 PM,48.9,55.0,62.4,1778.3
7/15/2021,2:27:16 PM,48.7,54.6,62.4,1777.4
7/15/2021,2:28:01 PM,48.8,55.0,62.9,1775.6
7/15/2021,2:28:46 PM,48.4,54.6,63.0,1776.4
7/15/2021,2:29:31 PM,48.8,55.0,62.5,1778.1
7/15/2021,2:30:16 PM,48.9,55.0,62.7,1777.7
7/15/2021,2:31:01 PM,48.8,55.0,62.9,1776.8
7/15/2021,2:31:46 PM,48.9,54.6,62.9,1777.4
7/15/2021,2:32:30 PM,48.4,55.0,62.9,1776.2
7/15/2021,2:33:15 PM,48.9,55.0,62.9,1777.0
7/15/2021,2:34:00 PM,48.4,55.0,62.9,1777.2
7/15/2021,2:34:45 PM,48.5,54.7,62.6,1778.1
7/15/2021,2:35:30 PM,48.5,54.6,62.4,1778.5
7/15/2021,2:36:15 PM,48.4,55.0,63.0,1779.7
7/15/2021,2:37:00 PM,48.4,54.7,63.0,1778.0
7/15/2021,2:37:45 PM,48.9,55.0,63.1,1778.9
7/15/2021,2:38:30 PM,48.4,55.0,62.4,1778.8
7/15/2021,2:39:15 PM,48.4,54.6,62.4,1780.1
7/15/2021,2:40:00 PM,48.4,54.6,62.5,1778.7
7/15/2021,2:40:45 PM,48.8,54.6,62.6,1778.1
7/15/2021,2:41:30 PM,48.4,54.6,62.9,1780.7
7/15/2021,2:42:15 PM,48.8,54.7,62.4,1779.4
7/15/2021,2:43:00 PM,48.3,55.0,62.8,1779.9
7/15/2021,2:43:45 PM,48.8,55.0,63.1,1780.2
7/15/2021,2:44:30 PM,48.8,54.7,63.1,1778.2
7/15/2021,2:45:15 PM,48.8,54.6,62.5,1778.7
7/15/2021,2:46:00 PM,48.4,55.1,62.6,1780.1
7/15/2021,2:46:45 PM,48.7,55.1,63.1,1779.2
7/15/2021,2:47:30 PM,48.3,54.7,63.1,1779.9
7/15/2021,2:48:15 PM,48.8,54.7,63.1,1779.9
7/15/2021,2:49:00 PM,48.4,54.7,63.2,1780.0
7/15/2021,2:49:45 PM,48.8,55.1,62.5,1780.1
7/15/2021,2:50:30 PM,48.8,54.7,63.1,1780.6
7/15/2021,2:51:15 PM,48.8,54.7,62.5,1779.5
7/15/2021,2:52:00 PM,48.9,54.6,63.1,1780.7
7/15/2021,2:52:45 PM,48.3,55.1,62.9,1780.5
7/15/2021,2:53:30 PM,48.4,55.0,62.8,1778.9
7/15/2021,2:54:15 PM,48.9,55.1,62.8,1779.9
7/15/2021,2:55:00 PM,48.9,55.1,62.5,1778.3
7/15/2021,2:55:45 PM,48.8,54.6,62.5,1781.3
7/15/2021,2:56:30 PM,48.8,55.1,63.0,1781.9
7/15/2021,2:57:15 PM,48.8,55.1,62.6,1781.6
7/15/2021,2:58:00 PM,48.4,55.0,62.6,1780.6
7/15/2021,2:58:45 PM,48.8,55.1,62.7,1780.8
7/15/2021,2:59:30 PM,48.4,55.1,62.5,1780.0
7/15/2021,3:00:15 PM,48.3,54.7,63.1,1780.7
7/15/2021,3:01:00 PM,48.3,55.1,62.7,1780.7
7/15/2021,3:01:45 PM,48.4,55.1,63.1,1782.0
7/15/2021,3:02:30 PM,48.7,55.3,62.5,1781.4
7/15/2021,3:03:15 PM,48.3,54.8,63.1,1782.0
7/15/2021,3:04:00 PM,48.4,55.2,62.5,1780.9
7/15/2021,3:04:45 PM,48.8,54.7,63.2,1781.2
7/15/2021,3:05:30 PM,48.9,54.7,63.2,1780.4
7/15/2021,3:06:15 PM,48.4,54.7,63.1,1781.7
7/15/2021,3:07:00 PM,48.4,55.1,62.5,1780.9
7/15/2021,3:07:45 PM,48.9,54.7,62.8,1780.6
7/15/2021,3:08:30 PM,48.4,54.8,62.6,1779.0
7/15/2021,3:09:15 PM,48.8,55.2,63.1,1779.2
7/15/2021,3:10:00 PM,48.3,54.8,62.8,1780.8
7/15/2021,3:10:45 PM,48.9,55.2,63.3,1781.3
7/15/2021,3:11:30 PM,48.5,54.7,63.1,1781.3
7/15/2021,3:12:15 PM,48.8,55.3,62.9,1780.6
7/15/2021,3:13:00 PM,48.3,55.0,62.6,1780.7
7/15/2021,3:13:45 PM,48.6,54.9,62.8,1780.8
7/15/2021,3:14:30 PM,48.9,55.0,62.7,1780.0
7/15/2021,3:15:15 PM,48.3,54.8,62.8,1780.5
7/15/2021,3:16:00 PM,48.8,55.2,62.7,1781.5
7/15/2021,3:16:45 PM,48.8,55.1,63.1,1781.0
7/15/2021,3:17:30 PM,48.9,55.1,62.6,1781.3
7/15/2021,3:18:15 PM,48.3,54.7,63.1,1780.8
7/15/2021,3:19:00 PM,48.4,55.3,62.6,1782.8
7/15/2021,3:19:45 PM,48.3,54.7,62.6,1782.4
7/15/2021,3:20:30 PM,48.7,54.8,63.2,1781.8
7/15/2021,3:21:15 PM,48.2,55.1,62.7,1782.0
7/15/2021,3:22:00 PM,48.8,55.3,63.0,1781.4
7/15/2021,3:22:45 PM,49.0,54.7,63.2,1782.2
7/15/2021,3:23:30 PM,48.4,55.1,62.7,1782.7
7/15/2021,3:24:15 PM,48.4,54.7,62.8,1780.6
7/15/2021,3:25:00 PM,48.4,54.7,63.1,1781.3
7/15/2021,3:25:45 PM,48.3,54.7,62.6,1781.7
7/15/2021,3:26:30 PM,48.9,55.0,62.6,1780.7
7/15/2021,3:27:15 PM,48.3,54.7,63.2,1779.8
7/15/2021,3:28:00 PM,48.5,54.8,62.6,1780.6
7/15/2021,3:28:44 PM,48.2,54.8,62.8,1780.6
7/15/2021,3:29:29 PM,48.8,55.2,63.2,1780.5
7/15/2021,3:30:14 PM,48.8,54.9,62.7,1780.6
7/15/2021,3:30:59 PM,48.4,54.8,63.3,1780.4
7/15/2021,3:31:44 PM,48.7,55.0,63.2,1781.3
7/15/2021,3:32:29 PM,48.8,54.7,63.2,1781.6
7/15/2021,3:33:14 PM,48.8,54.7,62.6,1782.2
7/15/2021,3:33:59 PM,48.8,55.2,62.7,1780.5
7/15/2021,3:34:44 PM,48.3,55.2,63.3,1781.5
7/15/2021,3:35:29 PM,48.3,55.3,62.6,1780.9
7/15/2021,3:36:14 PM,48.7,54.8,62.7,1777.0
7/15/2021,3:36:59 PM,48.8,54.8,62.8,1779.8
7/15/2021,3:37:44 PM,48.3,54.7,63.2,1781.4
7/15/2021,3:38:29 PM,48.8,55.1,63.1,1780.6
7/15/2021,3:39:14 PM,48.3,54.7,63.3,1781.3
7/15/2021,3:39:59 PM,48.8,54.7,63.4,1781.8
7/15/2021,3:40:44 PM,48.9,54.7,62.9,1780.2
7/15/2021,3:41:29 PM,48.9,55.3,63.2,1781.4
7/15/2021,3:42:14 PM,48.9,54.8,62.7,1780.7
7/15/2021,3:42:59 PM,48.9,54.8,63.2,1780.9
7/15/2021,3:43:44 PM,48.9,54.7,62.7,1780.6
7/15/2021,3:44:29 PM,48.4,54.8,63.2,1780.4
7/15/2021,3:45:14 PM,48.9,55.1,62.6,1780.9
7/15/2021,3:45:59 PM,48.3,54.8,62.8,1779.9
7/15/2021,3:46:44 PM,48.4,54.7,63.3,1781.4
7/15/2021,3:47:29 PM,48.3,54.8,62.7,1780.9
7/15/2021,3:48:14 PM,48.4,55.3,63.3,1781.4
7/15/2021,3:48:59 PM,48.3,55.2,62.8,1781.2
7/15/2021,3:49:44 PM,48.7,55.0,62.8,1781.4
7/15/2021,3:50:29 PM,48.4,55.2,63.2,1780.3
7/15/2021,3:51:14 PM,48.4,54.8,62.7,1781.1
7/15/2021,3:51:59 PM,48.4,54.8,63.1,1780.0
7/15/2021,3:52:44 PM,48.8,54.8,63.4,1779.6
7/15/2021,3:53:29 PM,48.3,55.2,63.2,1780.0
7/15/2021,3:54:14 PM,48.4,55.3,63.1,1780.1
7/15/2021,3:54:59 PM,48.4,55.4,62.7,1779.5
7/15/2021,3:55:44 PM,48.4,55.3,63.2,1779.8
7/15/2021,3:56:29 PM,48.8,54.8,62.7,1780.2
7/15/2021,3:57:14 PM,48.3,54.8,62.9,1779.3
7/15/2021,3:57:59 PM,48.4,54.8,63.2,1779.6
7/15/2021,3:58:44 PM,48.4,54.8,63.4,1778.5
7/15/2021,3:59:29 PM,48.9,54.9,63.2,1779.0
7/15/2021,4:00:14 PM,48.4,55.2,62.8,1780.0
7/15/2021,4:00:59 PM,48.3,54.8,62.8,1780.4
7/15/2021,4:01:44 PM,48.4,55.0,63.1,1780.6
7/15/2021,4:02:29 PM,48.3,54.9,63.3,1779.8
7/15/2021,4:03:14 PM,48.9,55.2,63.4,1780.2
7/15/2021,4:03:59 PM,48.9,54.8,62.9,1780.4
7/15/2021,4:04:44 PM,48.9,54.8,63.4,1780.6
7/15/2021,4:05:29 PM,48.4,55.3,62.8,1780.6
7/15/2021,4:06:14 PM,48.8,55.0,63.2,1780.5
7/15/2021,4:06:59 PM,48.3,54.9,62.9,1780.9
7/15/2021,4:07:44 PM,48.4,55.0,62.8,1780.1
7/15/2021,4:08:29 PM,48.9,55.3,63.3,1780.9
7/15/2021,4:09:14 PM,48.4,54.8,62.8,1780.2
7/15/2021,4:09:59 PM,48.9,54.8,62.7,1778.9
7/15/2021,4:10:44 PM,48.4,54.9,62.9,1780.3
7/15/2021,4:11:29 PM,48.9,55.1,62.8,1779.0
7/15/2021,4:12:14 PM,48.9,55.3,63.3,1780.2
7/15/2021,4:12:59 PM,48.3,55.3,62.8,1780.4
7/15/2021,4:13:44 PM,48.4,55.3,63.4,1778.6
7/15/2021,4:14:29 PM,48.4,55.0,63.4,1778.6
7/15/2021,4:15:14 PM,48.9,55.3,63.0,1778.6
7/15/2021,4:15:59 PM,48.3,55.3,63.1,1779.0
7/15/2021,4:16:44 PM,48.4,55.0,63.5,1780.4
7/15/2021,4:17:29 PM,48.9,55.3,63.1,1780.6
7/15/2021,4:18:14 PM,48.9,55.3,63.5,1778.7
7/15/2021,4:18:59 PM,48.9,55.4,63.4,1779.3
7/15/2021,4:19:44 PM,48.9,55.3,62.8,1778.3
7/15/2021,4:20:29 PM,48.9,54.8,63.5,1779.1
7/15/2021,4:21:14 PM,48.4,55.4,63.4,1779.4
7/15/2021,4:21:59 PM,48.4,55.4,63.2,1778.9
7/15/2021,4:22:44 PM,48.3,54.8,63.5,1778.6
7/15/2021,4:23:29 PM,48.4,54.8,63.4,1778.2
7/15/2021,4:24:14 PM,48.9,54.9,63.4,1778.6
7/15/2021,4:24:58 PM,48.9,55.3,62.8,1779.1
7/15/2021,4:25:43 PM,48.8,55.3,63.4,1779.2
7/15/2021,4:26:28 PM,48.4,55.0,63.1,1780.0
7/15/2021,4:27:13 PM,48.9,54.9,62.9,1779.5
7/15/2021,4:27:58 PM,48.9,55.3,63.2,1779.8
7/15/2021,4:28:43 PM,48.4,55.0,62.9,1780.2
7/15/2021,4:29:28 PM,48.3,54.8,63.4,1779.9
7/15/2021,4:30:13 PM,48.4,55.3,62.8,1780.0
7/15/2021,4:30:58 PM,48.8,54.8,63.4,1766.7
7/15/2021,4:31:43 PM,48.4,55.4,63.4,1779.3
7/15/2021,4:32:28 PM,48.3,54.8,63.1,1779.3
7/15/2021,4:33:13 PM,48.2,54.8,63.4,1779.4
7/15/2021,4:33:58 PM,48.8,55.0,63.1,1778.4
7/15/2021,4:34:43 PM,48.3,55.0,63.1,1778.0
7/15/2021,4:35:28 PM,48.4,54.8,63.2,1779.3
7/15/2021,4:36:13 PM,48.3,55.3,63.2,1778.6
7/15/2021,4:36:58 PM,48.3,55.4,63.5,1779.0
7/15/2021,4:37:43 PM,48.3,54.8,63.5,1778.9
7/15/2021,4:38:28 PM,48.8,55.2,63.2,1777.8
7/15/2021,4:39:13 PM,48.4,55.3,63.4,1778.0
7/15/2021,4:39:58 PM,48.5,55.3,62.8,1779.1
7/15/2021,4:40:43 PM,48.8,55.1,62.9,1777.4
7/15/2021,4:41:28 PM,48.8,55.1,63.1,1777.6
7/15/2021,4:42:13 PM,48.3,54.8,62.9,1777.0
7/15/2021,4:42:58 PM,48.9,54.8,62.9,1778.2
7/15/2021,4:43:43 PM,48.6,54.9,63.1,1778.2
7/15/2021,4:44:28 PM,48.8,55.4,62.8,1778.6
7/15/2021,4:45:13 PM,48.4,55.3,63.6,1779.0
7/15/2021,4:45:58 PM,48.7,54.8,62.9,1778.5
7/15/2021,4:46:43 PM,48.8,55.0,63.2,1778.6
7/15/2021,4:47:28 PM,48.8,54.8,62.9,1777.2
7/15/2021,4:48:13 PM,48.8,55.3,63.4,1778.1
7/15/2021,4:48:58 PM,48.3,55.3,63.5,1778.7
7/15/2021,4:49:43 PM,48.2,55.4,63.3,1777.5
7/15/2021,4:50:28 PM,48.4,55.3,62.8,1778.9
7/15/2021,4:51:13 PM,48.4,54.9,63.2,1778.1
7/15/2021,4:51:58 PM,48.4,54.9,63.4,1778.8
7/15/2021,4:52:43 PM,48.3,55.4,63.0,1778.9
7/15/2021,4:53:28 PM,48.4,55.4,63.2,1777.9
7/15/2021,4:54:13 PM,48.8,55.2,63.3,1779.0
7/15/2021,4:54:58 PM,48.4,55.4,62.8,1779.0
7/15/2021,4:55:43 PM,48.9,54.9,63.1,1778.8
7/15/2021,4:56:28 PM,48.4,54.9,63.1,1777.7
7/15/2021,4:57:13 PM,48.7,54.9,62.9,1779.0
7/15/2021,4:57:58 PM,48.7,54.9,63.4,1778.0
7/15/2021,4:58:43 PM,48.7,55.3,62.8,1777.9
7/15/2021,4:59:28 PM,48.3,55.2,63.2,1777.8
7/15/2021,5:00:13 PM,48.9,55.0,63.3,1778.0
7/15/2021,5:00:58 PM,48.8,54.8,63.2,1778.2
7/15/2021,5:01:43 PM,48.4,55.4,63.3,1778.6
7/15/2021,5:02:28 PM,48.3,55.0,63.4,1776.7
7/15/2021,5:03:13 PM,48.3,55.3,62.9,1777.0
7/15/2021,5:03:58 PM,48.3,54.8,63.0,1777.6
7/15/2021,5:04:43 PM,48.3,55.0,63.5,1777.5
7/15/2021,5:05:28 PM,48.8,55.3,63.3,1778.2
7/15/2021,5:06:13 PM,48.4,54.9,63.4,1777.7
7/15/2021,5:06:58 PM,48.9,54.9,63.0,1778.5
7/15/2021,5:07:43 PM,48.8,54.9,63.0,1778.3
7/15/2021,5:08:28 PM,48.4,55.3,63.4,1778.2
7/15/2021,5:09:13 PM,48.9,55.0,63.4,1778.6
7/15/2021,5:09:58 PM,48.9,55.3,62.9,1777.8
7/15/2021,5:10:43 PM,48.4,54.8,63.4,1777.6
7/15/2021,5:11:28 PM,48.7,55.4,62.9,1777.6
7/15/2021,5:12:13 PM,48.9,55.2,63.0,1777.8
7/15/2021,5:12:58 PM,48.8,54.9,63.4,1777.6
7/15/2021,5:13:43 PM,48.3,55.4,62.9,1778.3
7/15/2021,5:14:28 PM,48.8,55.4,62.9,1777.9
7/15/2021,5:15:13 PM,48.7,55.2,63.4,1778.4
7/15/2021,5:15:58 PM,48.3,55.0,62.9,1778.6
7/15/2021,5:16:43 PM,48.8,55.4,63.5,1777.2
7/15/2021,5:17:28 PM,48.8,55.0,63.4,1778.6
7/15/2021,5:18:13 PM,48.3,55.3,63.1,1778.2
7/15/2021,5:18:58 PM,48.8,54.9,63.5,1777.9
7/15/2021,5:19:43 PM,48.4,54.9,62.9,1777.9
7/15/2021,5:20:28 PM,48.9,55.3,63.5,1778.3
7/15/2021,5:21:12 PM,48.4,55.3,62.9,1777.7
7/15/2021,5:21:57 PM,48.3,55.4,63.5,1777.6
7/15/2021,5:22:42 PM,48.3,55.3,63.5,1778.3
7/15/2021,5:23:27 PM,48.4,55.4,63.0,1778.3
7/15/2021,5:24:12 PM,48.4,55.0,63.4,1777.4
7/15/2021,5:24:57 PM,48.9,55.4,63.5,1777.6
7/15/2021,5:25:42 PM,48.4,55.3,62.8,1777.5
7/15/2021,5:26:27 PM,48.4,55.3,63.4,1778.0
7/15/2021,5:27:12 PM,48.3,55.3,62.9,1777.9
7/15/2021,5:27:57 PM,48.3,55.0,63.4,1778.1
7/15/2021,5:28:42 PM,48.9,55.3,63.3,1777.4
7/15/2021,5:29:27 PM,48.4,54.9,63.0,1776.8
7/15/2021,5:30:12 PM,48.9,55.3,62.9,1776.7
7/15/2021,5:30:57 PM,48.4,54.9,63.4,1776.5
7/15/2021,5:31:42 PM,48.8,55.4,62.9,1777.4
7/15/2021,5:32:27 PM,48.8,54.9,63.4,1777.0
7/15/2021,5:33:12 PM,48.9,55.0,63.1,1776.7
7/15/2021,5:33:57 PM,48.9,55.0,63.0,1776.7
7/15/2021,5:34:42 PM,48.4,55.0,63.1,1776.6
7/15/2021,5:35:27 PM,48.9,55.3,63.1,1776.8
7/15/2021,5:36:12 PM,48.9,55.3,63.5,1776.7
7/15/2021,5:36:57 PM,48.3,55.3,63.3,1776.6
7/15/2021,5:37:42 PM,48.8,55.1,62.9,1777.3
7/15/2021,5:38:27 PM,48.4,55.3,63.5,1777.3
7/15/2021,5:39:12 PM,48.4,55.0,63.0,1776.0
7/15/2021,5:39:57 PM,48.4,54.9,63.1,1775.9
7/15/2021,5:40:42 PM,48.8,55.0,62.9,1776.9
7/15/2021,5:41:27 PM,48.4,55.4,63.2,1775.8
7/15/2021,5:42:12 PM,48.8,55.3,63.5,1776.2
7/15/2021,5:42:57 PM,48.4,55.1,63.4,1775.8
7/15/2021,5:43:42 PM,48.9,55.4,63.4,1775.6
7/15/2021,5:44:27 PM,48.3,55.3,63.0,1776.5
7/15/2021,5:45:12 PM,48.4,55.0,62.9,1774.8
7/15/2021,5:45:57 PM,48.8,55.3,63.5,1776.1
7/15/2021,5:46:42 PM,48.4,54.9,63.5,1774.7
7/15/2021,5:47:27 PM,48.9,54.9,63.2,1775.9
7/15/2021,5:48:12 PM,48.9,55.3,63.4,1774.9
7/15/2021,5:48:57 PM,48.8,55.4,63.0,1775.4
7/15/2021,5:49:42 PM,48.4,55.0,62.9,1776.6
7/15/2021,5:50:27 PM,48.6,55.4,63.4,1774.9
7/15/2021,5:51:12 PM,48.8,54.9,62.9,1776.2
7/15/2021,5:51:57 PM,48.8,54.9,62.9,1774.9
7/15/2021,5:52:42 PM,48.8,55.3,63.4,1775.4
7/15/2021,5:53:27 PM,48.8,55.0,62.9,1776.7
7/15/2021,5:54:12 PM,48.8,55.3,63.5,1775.8
7/15/2021,5:54:57 PM,48.9,55.3,63.5,1776.0
7/15/2021,5:55:42 PM,48.3,55.0,63.1,1774.8
7/15/2021,5:56:27 PM,48.8,54.9,63.4,1775.6
7/15/2021,5:57:12 PM,48.8,55.3,63.3,1775.4
7/15/2021,5:57:57 PM,48.4,55.4,63.0,1774.8
7/15/2021,5:58:42 PM,48.9,55.3,62.9,1776.7
7/15/2021,5:59:27 PM,48.8,55.0,62.9,1775.2
7/15/2021,6:00:12 PM,48.8,55.0,62.9,1775.9
7/15/2021,6:00:57 PM,49.0,55.0,63.0,1775.4
7/15/2021,6:01:42 PM,48.7,55.0,63.3,1774.7
7/15/2021,6:02:27 PM,48.5,55.0,63.0,1775.1
7/15/2021,6:03:12 PM,48.8,55.3,63.5,1774.3
7/15/2021,6:03:57 PM,48.4,55.0,63.4,1774.7
7/15/2021,6:04:42 PM,48.9,55.3,63.0,1780.3
7/15/2021,6:05:27 PM,48.4,55.1,63.0,1775.9
7/15/2021,6:06:12 PM,48.8,55.2,63.6,1774.4
7/15/2021,6:06:57 PM,48.8,55.1,63.6,1774.7
7/15/2021,6:07:42 PM,48.9,55.4,63.1,1780.2
7/15/2021,6:08:27 PM,48.8,55.3,63.1,1774.5
7/15/2021,6:09:12 PM,48.7,55.3,63.1,1775.2
7/15/2021,6:09:57 PM,48.9,55.1,63.4,1775.3
7/15/2021,6:10:42 PM,48.9,55.4,63.5,1775.5
7/15/2021,6:11:27 PM,48.9,55.4,63.0,1774.2
7/15/2021,6:12:12 PM,48.8,55.1,63.5,1774.7
7/15/2021,6:12:57 PM,48.9,55.3,63.4,1775.5
7/15/2021,6:13:42 PM,48.9,55.4,63.4,1774.2
7/15/2021,6:14:27 PM,48.4,54.9,63.0,1775.4
7/15/2021,6:15:12 PM,48.9,55.4,63.1,1774.5
7/15/2021,6:15:57 PM,48.9,55.0,63.0,1774.5
7/15/2021,6:16:42 PM,48.8,55.4,63.5,1780.4
7/15/2021,6:17:27 PM,48.6,55.0,63.3,1775.3
7/15/2021,6:18:11 PM,48.9,55.3,62.9,1775.7
7/15/2021,6:18:56 PM,48.6,55.3,63.1,1780.3
7/15/2021,6:19:41 PM,48.9,55.5,63.4,1780.0
7/15/2021,6:20:26 PM,48.6,55.3,63.1,1780.2
7/15/2021,6:21:11 PM,48.9,55.4,63.0,1775.4
7/15/2021,6:21:56 PM,48.4,54.9,63.4,1779.5
7/15/2021,6:22:41 PM,48.8,54.9,62.9,1779.7
7/15/2021,6:23:26 PM,48.8,55.4,63.1,1774.2
7/15/2021,6:24:11 PM,48.4,55.1,63.3,1774.3
7/15/2021,6:24:56 PM,48.8,55.3,63.4,1780.2
7/15/2021,6:25:41 PM,48.5,55.0,63.4,1780.2
7/15/2021,6:26:26 PM,48.8,55.4,63.0,1779.1
7/15/2021,6:27:11 PM,48.8,55.0,63.5,1779.5
7/15/2021,6:27:56 PM,48.4,55.3,63.4,1774.2
7/15/2021,6:28:41 PM,48.9,55.5,63.5,1779.6
7/15/2021,6:29:26 PM,48.9,55.4,63.6,1779.2
7/15/2021,6:30:11 PM,48.8,55.3,63.0,1780.2
7/15/2021,6:30:56 PM,48.8,55.4,63.3,1779.6
7/15/2021,6:31:41 PM,48.4,55.3,63.2,1774.3
7/15/2021,6:32:26 PM,48.4,54.9,63.5,1779.9
7/15/2021,6:33:11 PM,48.8,54.9,63.1,1779.5
7/15/2021,6:33:56 PM,48.8,55.0,63.2,1774.2
7/15/2021,6:34:41 PM,48.9,55.3,63.1,1779.4
7/15/2021,6:35:26 PM,48.9,55.4,62.9,1779.6
7/15/2021,6:36:11 PM,48.4,55.0,63.0,1779.9
7/15/2021,6:36:56 PM,48.4,55.1,63.0,1779.1
7/15/2021,6:37:41 PM,48.8,55.1,63.7,1779.4
7/15/2021,6:38:26 PM,48.5,55.0,63.1,1780.2
7/15/2021,6:39:11 PM,48.5,55.1,63.6,1778.6
7/15/2021,6:39:56 PM,48.8,55.4,63.4,1779.9
7/15/2021,6:40:41 PM,48.8,55.4,63.0,1779.1
7/15/2021,6:41:26 PM,48.8,55.4,63.6,1779.2
7/15/2021,6:42:11 PM,48.5,54.9,63.3,1774.6
7/15/2021,6:42:56 PM,48.9,55.4,63.4,1780.2
7/15/2021,6:43:41 PM,48.4,55.4,63.5,1780.3
7/15/2021,6:44:26 PM,48.5,55.5,63.6,1779.2
7/15/2021,6:45:11 PM,48.8,55.0,63.6,1778.6
7/15/2021,6:45:56 PM,48.8,54.9,63.1,1780.0
7/15/2021,6:46:41 PM,48.9,55.2,63.0,1779.5
7/15/2021,6:47:26 PM,48.9,55.3,63.0,1779.6
7/15/2021,6:48:11 PM,48.3,55.4,63.0,1774.2
7/15/2021,6:48:56 PM,48.8,55.2,63.4,1779.7
7/15/2021,6:49:41 PM,48.4,54.9,63.0,1779.9
7/15/2021,6:50:26 PM,48.4,55.3,63.5,1779.2
7/15/2021,6:51:11 PM,48.9,54.9,63.5,1780.1
7/15/2021,6:51:56 PM,48.7,55.3,63.6,1779.5
7/15/2021,6:52:41 PM,48.4,55.4,63.0,1780.4
7/15/2021,6:53:26 PM,48.4,55.4,62.9,1779.5
7/15/2021,6:54:11 PM,48.8,55.2,63.2,1774.7
7/15/2021,6:54:56 PM,48.8,55.2,63.3,1779.9
7/15/2021,6:55:41 PM,48.3,55.1,63.0,1779.1
7/15/2021,6:56:26 PM,48.8,54.9,63.5,1780.1
7/15/2021,6:57:11 PM,48.2,55.3,63.5,1779.1
7/15/2021,6:57:56 PM,48.4,54.9,62.8,1774.5
7/15/2021,6:58:41 PM,48.2,55.0,62.8,1779.3
7/15/2021,6:59:26 PM,47.5,54.8,63.1,1780.1
7/15/2021,7:00:11 PM,47.9,54.7,63.1,1779.0
7/15/2021,7:00:56 PM,47.8,54.6,62.5,1780.4
7/15/2021,7:01:41 PM,47.6,54.6,62.5,1779.6
7/15/2021,7:02:26 PM,47.9,54.6,63.1,1774.6
7/15/2021,7:03:11 PM,48.0,54.6,62.4,1779.5
7/15/2021,7:03:56 PM,48.1,54.7,62.8,1778.3
7/15/2021,7:04:41 PM,48.4,54.8,62.8,1779.5
7/15/2021,7:05:26 PM,47.8,54.9,62.5,1779.9
7/15/2021,7:06:11 PM,48.3,54.8,62.4,1779.8
7/15/2021,7:06:56 PM,48.1,54.9,62.8,1779.6
7/15/2021,7:07:41 PM,48.0,55.2,62.3,1779.6
7/15/2021,7:08:26 PM,48.6,55.3,62.6,1778.6
7/15/2021,7:09:11 PM,48.6,55.3,62.6,1780.0
7/15/2021,7:09:56 PM,48.5,55.4,62.8,1780.2
7/15/2021,7:10:41 PM,48.2,55.3,62.5,1779.1
7/15/2021,7:11:26 PM,48.2,55.3,62.5,1780.4
7/15/2021,7:12:11 PM,48.6,55.3,62.5,1779.2
7/15/2021,7:12:56 PM,48.7,55.7,62.4,1779.1
7/15/2021,7:13:41 PM,48.3,55.4,62.2,1780.0
7/15/2021,7:14:25 PM,48.2,55.7,62.5,1780.1
7/15/2021,7:15:10 PM,48.8,56.0,62.3,1779.9
7/15/2021,7:15:55 PM,48.8,55.7,62.8,1780.3
7/15/2021,7:16:40 PM,48.8,55.8,62.2,1779.9
7/15/2021,7:17:25 PM,48.8,55.6,62.2,1779.9
7/15/2021,7:18:10 PM,48.9,56.0,62.7,1780.2
7/15/2021,7:18:55 PM,48.8,55.6,62.3,1779.8
7/15/2021,7:19:40 PM,48.5,55.6,62.7,1778.8
7/15/2021,7:20:25 PM,49.0,55.6,62.8,1774.3
7/15/2021,7:21:10 PM,49.1,55.6,62.5,1779.1
7/15/2021,7:21:55 PM,48.9,55.9,62.5,1779.7
7/15/2021,7:22:40 PM,48.9,55.9,62.5,1779.8
7/15/2021,7:23:25 PM,49.0,56.0,62.7,1780.1
7/15/2021,7:24:10 PM,48.9,56.2,62.5,1778.7
7/15/2021,7:24:55 PM,48.6,56.2,62.2,1774.2
7/15/2021,7:25:40 PM,49.0,56.2,62.2,1779.1
7/15/2021,7:26:25 PM,49.0,55.7,62.1,1780.0
7/15/2021,7:27:10 PM,48.7,55.9,62.1,1779.5
7/15/2021,7:27:55 PM,49.1,56.1,62.6,1779.3
7/15/2021,7:28:40 PM,49.1,56.2,62.1,1780.2
7/15/2021,7:29:25 PM,49.0,55.8,62.2,1779.3
7/15/2021,7:30:10 PM,49.2,56.0,62.6,1779.8
7/15/2021,7:30:55 PM,49.1,55.8,62.6,1774.3
7/15/2021,7:31:40 PM,48.6,55.9,62.2,1774.2
7/15/2021,7:32:25 PM,49.2,56.3,62.7,1779.1
7/15/2021,7:33:10 PM,49.2,55.9,62.4,1779.9
7/15/2021,7:33:55 PM,49.1,56.1,62.4,1779.7
7/15/2021,7:34:40 PM,48.7,56.4,62.4,1779.7
7/15/2021,7:35:25 PM,48.8,55.9,62.4,1779.2
7/15/2021,7:36:10 PM,48.7,56.1,62.4,1779.8
7/15/2021,7:36:55 PM,49.2,56.3,62.6,1780.0
7/15/2021,7:37:40 PM,49.3,56.3,62.2,1779.1
7/15/2021,7:38:25 PM,48.8,56.4,62.2,1779.6
7/15/2021,7:39:10 PM,49.3,56.3,62.4,1778.7
7/15/2021,7:39:55 PM,49.2,56.4,62.1,1779.9
7/15/2021,7:40:40 PM,49.2,56.1,62.5,1774.5
7/15/2021,7:41:25 PM,48.8,56.4,62.3,1779.7
7/15/2021,7:42:10 PM,49.2,56.5,62.1,1774.2
7/15/2021,7:42:55 PM,49.0,56.4,62.6,1779.6
7/15/2021,7:43:40 PM,49.2,56.5,62.1,1779.8
7/15/2021,7:44:25 PM,48.9,56.1,62.7,1779.4
7/15/2021,7:45:10 PM,48.9,56.4,62.6,1774.2
7/15/2021,7:45:55 PM,48.9,56.5,62.1,1779.2
7/15/2021,7:46:40 PM,49.4,56.4,62.7,1774.6
7/15/2021,7:47:25 PM,49.4,56.4,62.6,1779.5
7/15/2021,7:48:10 PM,49.4,56.1,62.0,1780.3
7/15/2021,7:48:55 PM,49.2,56.4,62.1,1779.7
7/15/2021,7:49:40 PM,48.8,56.5,62.6,1780.0
7/15/2021,7:50:25 PM,49.4,56.4,62.3,1774.5
7/15/2021,7:51:10 PM,49.3,56.5,62.6,1779.5
7/15/2021,7:51:55 PM,48.9,56.4,62.5,1779.7
7/15/2021,7:52:40 PM,49.4,56.5,62.0,1779.0
7/15/2021,7:53:25 PM,49.4,56.5,62.7,1774.2
7/15/2021,7:54:10 PM,49.0,56.4,62.5,1779.0
7/15/2021,7:54:55 PM,48.9,56.4,62.6,1780.1
7/15/2021,7:55:40 PM,49.5,56.4,61.9,1779.5
7/15/2021,7:56:25 PM,48.9,56.5,62.0,1779.6
7/15/2021,7:57:10 PM,49.5,56.5,62.5,1778.6
7/15/2021,7:57:55 PM,48.9,56.1,61.9,1780.3
7/15/2021,7:58:40 PM,49.4,56.1,62.0,1778.8
7/15/2021,7:59:25 PM,49.3,56.3,62.2,1774.2
7/15/2021,8:00:10 PM,49.5,56.4,62.5,1779.3
7/15/2021,8:00:55 PM,48.9,56.4,62.5,1779.7
7/15/2021,8:01:40 PM,49.5,56.1,62.2,1780.4
7/15/2021,8:02:25 PM,49.5,56.4,62.4,1779.4
7/15/2021,8:03:10 PM,49.0,56.1,62.0,1780.2
7/15/2021,8:03:55 PM,49.4,56.1,62.1,1779.4
7/15/2021,8:04:40 PM,48.9,56.6,62.0,1774.7
7/15/2021,8:05:25 PM,49.5,56.2,62.4,1779.8
7/15/2021,8:06:10 PM,49.0,56.6,62.5,1778.5
7/15/2021,8:06:55 PM,48.9,56.5,62.0,1780.0
7/15/2021,8:07:40 PM,49.5,56.5,62.5,1780.4
7/15/2021,8:08:25 PM,49.4,56.2,62.4,1779.9
7/15/2021,8:09:10 PM,49.0,56.6,62.5,1780.2
7/15/2021,8:09:55 PM,49.5,56.2,62.0,1779.8
7/15/2021,8:10:39 PM,49.5,56.2,62.2,1779.3
7/15/2021,8:11:24 PM,49.1,56.6,62.5,1780.4
7/15/2021,8:12:09 PM,49.5,56.7,62.4,1780.2
7/15/2021,8:12:54 PM,49.0,56.6,62.1,1778.6
7/15/2021,8:13:39 PM,49.1,56.2,62.4,1779.8
7/15/2021,8:14:24 PM,49.4,56.5,61.9,1779.0
7/15/2021,8:15:09 PM,49.0,56.6,62.2,1779.6
7/15/2021,8:15:54 PM,49.5,56.3,62.2,1780.1
7/15/2021,8:16:39 PM,49.2,56.2,62.3,1779.1
7/15/2021,8:17:24 PM,49.6,56.2,62.0,1780.4
7/15/2021,8:18:09 PM,49.5,56.7,61.9,1779.9
7/15/2021,8:18:54 PM,49.2,56.8,61.9,1779.0
7/15/2021,8:19:39 PM,49.5,56.5,61.9,1779.2
7/15/2021,8:20:24 PM,49.1,56.5,61.9,1779.1
7/15/2021,8:21:09 PM,49.5,56.5,61.9,1780.1
7/15/2021,8:21:54 PM,49.6,56.2,61.8,1778.7
7/15/2021,8:22:39 PM,49.4,56.3,62.4,1779.6
7/15/2021,8:23:24 PM,49.0,56.3,62.0,1774.8
7/15/2021,8:24:09 PM,49.1,56.7,61.9,1780.4
7/15/2021,8:24:54 PM,49.1,56.3,61.9,1778.9
7/15/2021,8:25:39 PM,49.6,56.7,61.8,1780.1
7/15/2021,8:26:24 PM,49.1,56.4,61.9,1778.5
7/15/2021,8:27:09 PM,49.4,56.7,61.8,1780.0
7/15/2021,8:27:54 PM,49.3,56.8,62.4,1780.3
7/15/2021,8:28:39 PM,49.3,56.8,61.9,1779.4
7/15/2021,8:29:24 PM,49.6,56.8,61.8,1779.9
7/15/2021,8:30:09 PM,49.6,56.3,62.2,1774.8
7/15/2021,8:30:54 PM,49.6,56.4,62.3,1779.5
7/15/2021,8:31:39 PM,49.2,56.7,62.1,1779.1
7/15/2021,8:32:24 PM,49.3,56.7,62.5,1779.8
7/15/2021,8:33:09 PM,49.6,56.5,61.8,1780.1
7/15/2021,8:33:54 PM,49.7,56.3,61.9,1780.0
7/15/2021,8:34:39 PM,49.1,56.7,61.8,1779.9
7/15/2021,8:35:24 PM,49.5,56.3,62.1,1780.2
7/15/2021,8:36:09 PM,49.2,56.8,62.1,1779.8
7/15/2021,8:36:54 PM,49.2,56.6,62.5,1779.2
7/15/2021,8:37:39 PM,49.3,56.7,61.8,1780.3
7/15/2021,8:38:24 PM,49.2,56.7,62.2,1774.9
7/15/2021,8:39:09 PM,49.2,56.6,62.0,1779.1
7/15/2021,8:39:54 PM,49.7,56.7,62.0,1780.4
7/15/2021,8:40:39 PM,49.6,56.6,62.0,1774.3
7/15/2021,8:41:24 PM,49.3,56.6,62.4,1779.4
7/15/2021,8:42:09 PM,49.5,56.7,62.3,1780.2
7/15/2021,8:42:54 PM,49.8,56.7,61.8,1774.8
7/15/2021,8:43:39 PM,49.3,56.9,62.1,1774.3
7/15/2021,8:44:24 PM,49.6,56.8,62.1,1774.7
7/15/2021,8:45:09 PM,49.2,56.8,62.1,1779.6
7/15/2021,8:45:54 PM,49.6,56.6,62.1,1780.1
7/15/2021,8:46:39 PM,49.6,56.8,62.1,1779.2
7/15/2021,8:47:24 PM,49.6,56.4,62.4,1774.7
7/15/2021,8:48:09 PM,49.5,56.3,61.8,1780.2
7/15/2021,8:48:54 PM,49.7,56.9,62.4,1778.9
7/15/2021,8:49:39 PM,49.3,56.9,61.9,1780.3
7/15/2021,8:50:24 PM,49.6,56.4,62.3,1779.7
7/15/2021,8:51:09 PM,49.7,56.4,61.8,1779.6
7/15/2021,8:51:54 PM,49.6,56.6,61.9,1779.4
7/15/2021,8:52:39 PM,49.7,56.8,62.4,1779.7
7/15/2021,8:53:24 PM,49.7,56.9,61.9,1779.2
7/15/2021,8:54:09 PM,49.2,56.5,62.4,1779.7
7/15/2021,8:54:54 PM,49.7,56.6,61.8,1778.7
7/15/2021,8:55:39 PM,49.6,56.9,62.1,1780.3
7/15/2021,8:56:24 PM,49.6,56.7,62.1,1779.1
7/15/2021,8:57:09 PM,49.6,56.7,62.0,1780.2
7/15/2021,8:57:54 PM,49.7,56.6,62.1,1780.2
7/15/2021,8:58:39 PM,49.6,56.9,61.8,1780.0
7/15/2021,8:59:24 PM,49.8,57.0,62.0,1779.9
7/15/2021,9:00:09 PM,49.2,56.4,61.9,1779.9
7/15/2021,9:00:54 PM,49.6,56.9,62.4,1778.9
7/15/2021,9:01:39 PM,49.2,56.5,61.8,1780.0
7/15/2021,9:02:24 PM,49.6,56.5,61.8,1780.4
7/15/2021,9:03:09 PM,49.8,56.5,62.4,1779.1
7/15/2021,9:03:54 PM,49.2,57.1,62.2,1779.8
7/15/2021,9:04:39 PM,49.7,56.9,61.8,1779.0
7/15/2021,9:05:24 PM,49.4,56.5,61.9,1774.2
7/15/2021,9:06:09 PM,49.6,56.5,62.1,1779.2
7/15/2021,9:06:53 PM,49.4,56.5,61.9,1779.8
7/15/2021,9:07:38 PM,49.3,56.5,61.8,1780.4
7/15/2021,9:08:23 PM,49.7,56.9,62.4,1779.5
7/15/2021,9:09:08 PM,49.4,56.7,62.2,1779.4
7/15/2021,9:09:53 PM,49.6,56.8,62.1,1779.6
7/15/2021,9:10:38 PM,49.8,57.1,61.9,1778.6
7/15/2021,9:11:23 PM,49.7,56.8,62.4,1779.3
7/15/2021,9:12:08 PM,49.7,56.9,62.3,1774.2
7/15/2021,9:12:53 PM,49.7,57.0,62.1,1780.1
7/15/2021,9:13:38 PM,49.3,57.0,62.2,1780.0
7/15/2021,9:14:23 PM,49.3,56.5,61.9,1780.4
7/15/2021,9:15:08 PM,49.4,57.1,62.3,1779.6
7/15/2021,9:15:53 PM,49.4,56.9,62.1,1774.5
7/15/2021,9:16:38 PM,49.8,56.6,62.0,1779.5
7/15/2021,9:17:23 PM,49.8,57.1,62.1,1780.3
7/15/2021,9:18:08 PM,49.3,56.9,62.3,1779.6
7/15/2021,9:18:53 PM,49.8,57.1,62.3,1779.9
7/15/2021,9:19:38 PM,49.7,57.0,61.7,1779.2
7/15/2021,9:20:23 PM,49.8,56.6,62.1,1774.4
7/15/2021,9:21:08 PM,49.8,56.6,61.8,1779.5
7/15/2021,9:21:53 PM,49.7,57.0,62.3,1779.5
7/15/2021,9:22:38 PM,49.6,56.9,62.0,1779.0
7/15/2021,9:23:23 PM,49.8,57.1,62.1,1779.6
7/15/2021,9:24:08 PM,49.8,56.6,62.2,1779.4
7/15/2021,9:24:53 PM,49.5,57.1,62.4,1779.6
7/15/2021,9:25:38 PM,49.2,56.6,62.1,1779.4
7/15/2021,9:26:23 PM,49.3,57.0,62.3,1779.7
7/15/2021,9:27:08 PM,49.5,57.1,61.9,1779.0
7/15/2021,9:27:53 PM,49.8,57.1,61.8,1779.6
7/15/2021,9:28:38 PM,49.4,56.6,62.3,1778.9
7/15/2021,9:29:23 PM,49.3,57.0,62.0,1779.9
7/15/2021,9:30:08 PM,49.7,56.9,62.0,1780.3
7/15/2021,9:30:53 PM,49.3,56.6,62.1,1780.0
7/15/2021,9:31:38 PM,49.4,56.6,61.8,1779.2
7/15/2021,9:32:23 PM,49.3,57.1,61.7,1779.1
7/15/2021,9:33:08 PM,49.4,57.0,62.2,1779.6
7/15/2021,9:33:53 PM,49.8,56.8,62.0,1779.4
7/15/2021,9:34:38 PM,49.7,56.8,62.0,1780.2
7/15/2021,9:35:23 PM,49.3,56.9,62.1,1778.9
7/15/2021,9:36:08 PM,49.5,57.0,61.8,1779.4
7/15/2021,9:36:53 PM,49.7,56.7,62.0,1779.4
7/15/2021,9:37:38 PM,49.3,56.9,62.4,1779.2
7/15/2021,9:38:23 PM,49.6,56.7,62.2,1780.1
7/15/2021,9:39:08 PM,49.9,57.0,61.9,1778.7
7/15/2021,9:39:53 PM,49.5,57.2,62.0,1779.9
7/15/2021,9:40:38 PM,49.7,57.2,62.4,1779.1
7/15/2021,9:41:23 PM,49.3,57.2,62.4,1779.3
7/15/2021,9:42:08 PM,49.4,56.7,61.9,1779.0
7/15/2021,9:42:53 PM,49.8,56.7,62.1,1780.3
7/15/2021,9:43:38 PM,49.8,57.1,62.1,1774.5
7/15/2021,9:44:23 PM,49.3,56.8,62.1,1779.4
7/15/2021,9:45:08 PM,49.4,56.7,62.1,1779.8
7/15/2021,9:45:53 PM,49.3,57.0,61.8,1778.5
7/15/2021,9:46:38 PM,49.6,57.2,62.2,1779.8
7/15/2021,9:47:23 PM,49.4,56.7,61.9,1778.4
7/15/2021,9:48:08 PM,49.8,56.7,61.8,1779.9
7/15/2021,9:48:53 PM,49.7,56.7,62.0,1778.5
7/15/2021,9:49:38 PM,49.9,57.2,61.8,1779.9
7/15/2021,9:50:23 PM,49.4,57.2,62.1,1780.2
7/15/2021,9:51:08 PM,49.8,57.1,62.4,1780.0
7/15/2021,9:51:53 PM,49.8,56.7,61.8,1778.8
7/15/2021,9:52:38 PM,49.4,56.7,62.1,1778.9
7/15/2021,9:53:23 PM,49.9,56.7,61.7,1779.4
7/15/2021,9:54:08 PM,49.4,56.8,61.8,1780.0
7/15/2021,9:54:53 PM,49.3,57.2,61.7,1779.9
7/15/2021,9:55:38 PM,49.4,56.8,62.4,1779.5
7/15/2021,9:56:23 PM,49.8,57.1,62.4,1779.0
7/15/2021,9:57:08 PM,49.9,57.1,61.9,1780.1
7/15/2021,9:57:53 PM,49.4,57.2,62.2,1779.3
7/15/2021,9:58:38 PM,49.4,56.7,61.8,1780.0
7/15/2021,9:59:23 PM,49.7,56.8,61.8,1780.2
7/15/2021,10:00:08 PM,49.4,57.0,62.1,1779.9
7/15/2021,10:00:53 PM,49.4,57.0,62.4,1780.0
7/15/2021,10:01:38 PM,49.7,56.9,62.0,1778.8
7/15/2021,10:02:23 PM,49.8,57.2,61.7,1779.5
7/15/2021,10:03:07 PM,49.9,56.7,62.0,1779.6
7/15/2021,10:03:52 PM,49.8,57.3,62.3,1778.4
7/15/2021,10:04:37 PM,49.4,57.1,61.8,1779.7
7/15/2021,10:05:22 PM,49.4,57.3,62.4,1778.9
7/15/2021,10:06:07 PM,49.4,56.8,62.3,1778.7
7/15/2021,10:06:52 PM,49.9,57.2,61.8,1780.4
7/15/2021,10:07:37 PM,49.4,57.0,62.4,1779.2
7/15/2021,10:08:22 PM,49.8,57.1,61.7,1779.8
7/15/2021,10:09:07 PM,49.6,57.1,62.0,1780.1
7/15/2021,10:09:52 PM,49.8,56.7,61.7,1780.4
7/15/2021,10:10:37 PM,49.4,56.8,61.9,1778.9
7/15/2021,10:11:22 PM,49.9,56.8,62.3,1780.3
7/15/2021,10:12:07 PM,49.5,56.9,62.4,1779.4
7/15/2021,10:12:52 PM,49.4,56.8,61.8,1780.0
7/15/2021,10:13:37 PM,49.8,56.7,62.1,1778.8
7/15/2021,10:14:22 PM,49.6,57.2,61.8,1779.6
7/15/2021,10:15:07 PM,49.7,56.8,61.7,1775.1
7/15/2021,10:15:52 PM,49.5,56.9,61.8,1779.2
7/15/2021,10:16:37 PM,49.3,57.3,62.3,1780.3
7/15/2021,10:17:22 PM,49.4,57.2,62.3,1778.8
7/15/2021,10:18:07 PM,49.4,57.2,61.8,1774.3
7/15/2021,10:18:52 PM,49.5,57.3,61.7,1779.7
7/15/2021,10:19:37 PM,49.8,57.3,62.3,1780.4
7/15/2021,10:20:22 PM,49.8,56.8,61.7,1779.6
7/15/2021,10:21:07 PM,49.8,57.3,62.2,1774.7
7/15/2021,10:21:52 PM,49.8,57.3,62.2,1779.8
7/15/2021,10:22:37 PM,49.4,56.8,62.2,1780.0
7/15/2021,10:23:22 PM,49.9,56.8,61.9,1779.2
7/15/2021,10:24:07 PM,49.9,56.9,62.2,1774.2
7/15/2021,10:24:52 PM,49.4,57.3,61.8,1780.0
7/15/2021,10:25:37 PM,49.4,57.3,62.3,1780.0
7/15/2021,10:26:22 PM,49.8,57.3,62.3,1774.3
7/15/2021,10:27:07 PM,49.4,57.3,61.7,1779.7
7/15/2021,10:27:52 PM,49.6,57.3,62.3,1780.0
7/15/2021,10:28:37 PM,49.9,56.8,61.9,1780.0
7/15/2021,10:29:22 PM,49.9,57.3,61.7,1780.4
7/15/2021,10:30:07 PM,49.8,57.4,62.4,1780.4
7/15/2021,10:30:52 PM,49.4,57.3,62.1,1780.2
7/15/2021,10:31:37 PM,49.9,56.9,61.8,1780.3
7/15/2021,10:32:22 PM,49.8,57.3,62.0,1779.5
7/15/2021,10:33:07 PM,49.4,56.9,61.7,1778.8
7/15/2021,10:33:52 PM,49.4,56.8,62.2,1779.5
7/15/2021,10:34:37 PM,49.8,57.0,62.3,1779.6
7/15/2021,10:35:22 PM,49.5,56.8,62.1,1779.9
7/15/2021,10:36:07 PM,49.3,56.8,62.2,1778.4
7/15/2021,10:36:52 PM,49.4,57.3,62.4,1779.3
7/15/2021,10:37:37 PM,49.4,57.3,61.9,1780.1
7/15/2021,10:38:22 PM,49.6,56.8,62.2,1778.8
7/15/2021,10:39:07 PM,49.4,57.1,61.9,1774.3
7/15/2021,10:39:52 PM,49.9,56.9,62.2,1779.0
7/15/2021,10:40:37 PM,49.5,57.3,61.9,1780.3
7/15/2021,10:41:22 PM,49.9,56.8,61.8,1779.1
7/15/2021,10:42:07 PM,49.5,56.9,61.7,1779.7
7/15/2021,10:42:52 PM,49.4,57.4,62.4,1779.2
7/15/2021,10:43:37 PM,49.8,57.4,61.9,1778.9
7/15/2021,10:44:22 PM,49.9,57.4,61.7,1780.2
7/15/2021,10:45:07 PM,49.4,57.3,62.3,1780.4
7/15/2021,10:45:52 PM,49.5,56.9,62.2,1779.8
7/15/2021,10:46:37 PM,50.0,56.9,62.3,1779.0
7/15/2021,10:47:22 PM,49.6,56.9,62.2,1778.5
7/15/2021,10:48:07 PM,49.9,56.9,61.8,1779.3
7/15/2021,10:48:52 PM,49.5,56.9,61.8,1778.9
7/15/2021,10:49:37 PM,49.9,56.9,61.8,1774.2
7/15/2021,10:50:22 PM,49.8,57.0,62.3,1774.5
7/15/2021,10:51:07 PM,49.5,57.2,62.3,1778.6
7/15/2021,10:51:52 PM,49.8,56.9,62.2,1779.8
7/15/2021,10:52:37 PM,49.8,57.4,61.9,1779.1
7/15/2021,10:53:22 PM,49.3,57.5,62.0,1780.2
7/15/2021,10:54:07 PM,49.7,57.2,62.2,1780.1
7/15/2021,10:54:52 PM,49.5,57.2,61.9,1779.5
7/15/2021,10:55:37 PM,49.9,57.2,62.4,1779.7
7/15/2021,10:56:22 PM,49.6,57.4,61.7,1779.8
7/15/2021,10:57:07 PM,49.5,57.3,61.8,1779.4
7/15/2021,10:57:52 PM,49.4,57.0,62.1,1779.1
7/15/2021,10:58:37 PM,49.4,56.9,62.3,1774.3
7/15/2021,10:59:21 PM,49.5,57.3,62.0,1778.8
7/15/2021,11:00:06 PM,49.4,57.2,62.0,1779.7
7/15/2021,11:00:51 PM,49.8,57.4,61.8,1778.9
7/15/2021,11:01:36 PM,49.8,56.9,62.0,1779.6
7/15/2021,11:02:21 PM,49.5,57.2,62.1,1779.9
7/15/2021,11:03:06 PM,49.8,56.9,62.1,1779.2
7/15/2021,11:03:51 PM,49.9,57.5,62.1,1774.5
7/15/2021,11:04:36 PM,49.4,57.5,62.3,1778.9
7/15/2021,11:05:21 PM,49.7,57.2,62.1,1779.0
7/15/2021,11:06:06 PM,49.4,57.4,62.5,1774.2
7/15/2021,11:06:51 PM,49.6,57.0,62.4,1779.6
7/15/2021,11:07:36 PM,49.8,57.3,61.8,1780.1
7/15/2021,11:08:21 PM,49.5,57.5,61.7,1779.7
7/15/2021,11:09:06 PM,49.9,57.5,62.0,1774.2
7/15/2021,11:09:51 PM,49.9,57.2,62.0,1779.5
7/15/2021,11:10:36 PM,49.5,57.2,62.4,1780.3
7/15/2021,11:11:21 PM,49.4,57.2,61.7,1779.3
7/15/2021,11:12:06 PM,49.8,57.2,62.2,1779.9
7/15/2021,11:12:51 PM,49.4,57.5,62.1,1779.3
7/15/2021,11:13:36 PM,49.8,57.5,61.9,1774.3
7/15/2021,11:14:21 PM,49.7,57.4,61.9,1779.8
7/15/2021,11:15:06 PM,49.4,57.5,62.4,1780.3
7/15/2021,11:15:51 PM,49.5,57.3,62.2,1778.7
7/15/2021,11:16:36 PM,49.8,57.1,62.4,1780.4
7/15/2021,11:17:21 PM,49.6,57.3,62.2,1779.3
7/15/2021,11:18:06 PM,49.4,57.0,61.8,1780.2
7/15/2021,11:18:51 PM,49.8,57.3,62.2,1779.3
7/15/2021,11:19:36 PM,49.8,57.4,62.0,1780.2
7/15/2021,11:20:21 PM,49.8,57.1,61.7,1779.0
7/15/2021,11:21:06 PM,49.9,57.5,61.8,1779.9
7/15/2021,11:21:51 PM,49.8,57.3,62.2,1780.0
7/15/2021,11:22:36 PM,49.9,57.3,62.0,1778.9
7/15/2021,11:23:21 PM,49.8,57.5,61.8,1778.8
7/15/2021,11:24:06 PM,49.7,57.3,62.2,1774.3
7/15/2021,11:24:51 PM,49.4,57.5,62.3,1779.4
7/15/2021,11:25:36 PM,49.8,57.1,62.0,1780.1
7/15/2021,11:26:21 PM,49.8,57.5,61.7,1779.1
7/15/2021,11:27:06 PM,49.9,57.3,62.0,1779.9
7/15/2021,11:27:51 PM,49.4,57.5,61.8,1779.4
7/15/2021,11:28:36 PM,49.8,57.0,62.4,1774.3
7/15/2021,11:29:21 PM,49.4,57.5,62.4,1779.4
7/15/2021,11:30:06 PM,49.6,57.3,62.3,1779.9
7/15/2021,11:30:51 PM,49.5,57.1,62.1,1779.1
7/15/2021,11:31:36 PM,49.9,57.2,61.8,1780.0
7/15/2021,11:32:21 PM,49.6,57.1,62.4,1774.8
7/15/2021,11:33:06 PM,49.9,57.4,62.3,1779.9
7/15/2021,11:33:51 PM,50.0,57.0,61.7,1778.9
7/15/2021,11:34:36 PM,49.4,57.2,61.8,1780.0
7/15/2021,11:35:21 PM,49.9,57.5,61.9,1774.8
7/15/2021,11:36:06 PM,49.8,57.1,62.3,1779.5
7/15/2021,11:36:51 PM,49.4,57.1,62.3,1779.7
7/15/2021,11:37:36 PM,49.7,57.5,62.4,1778.5
7/15/2021,11:38:21 PM,49.4,57.5,62.3,1779.4
7/15/2021,11:39:06 PM,49.8,57.5,61.9,1780.3
7/15/2021,11:39:51 PM,49.9,57.1,62.2,1779.9
7/15/2021,11:40:36 PM,49.4,57.3,62.4,1774.5
7/15/2021,11:41:21 PM,49.4,57.1,61.8,1779.0
7/15/2021,11:42:06 PM,50.0,57.5,62.0,1774.2
7/15/2021,11:42:51 PM,49.8,57.2,61.9,1778.9
7/15/2021,11:43:36 PM,49.4,57.1,62.2,1779.6
7/15/2021,11:44:21 PM,49.4,57.4,62.1,1774.2
7/15/2021,11:45:06 PM,49.8,57.5,62.1,1779.2
7/15/2021,11:45:51 PM,49.8,57.0,61.8,1774.2
7/15/2021,11:46:36 PM,49.9,57.1,61.9,1780.2
7/15/2021,11:47:21 PM,49.4,57.3,61.7,1774.7
7/15/2021,11:48:06 PM,49.6,57.1,62.4,1779.6
7/15/2021,11:48:51 PM,49.4,57.0,62.1,1774.2
7/15/2021,11:49:36 PM,50.0,57.0,62.0,1779.6
7/15/2021,11:50:21 PM,49.4,57.1,61.8,1779.8
7/15/2021,11:51:06 PM,49.4,57.5,62.0,1780.2
7/15/2021,11:51:51 PM,49.8,57.0,62.4,1775.6
7/15/2021,11:52:36 PM,49.4,57.6,61.8,1779.9
7/15/2021,11:53:21 PM,49.9,57.5,61.7,1780.1
7/15/2021,11:54:06 PM,49.8,57.5,62.1,1779.5
7/15/2021,11:54:51 PM,49.6,57.3,62.1,1774.2
7/15/2021,11:55:35 PM,49.7,57.3,61.9,1774.6
7/15/2021,11:56:20 PM,49.5,57.2,62.4,1779.7
7/15/2021,11:57:05 PM,49.8,57.6,61.8,1779.7
7/15/2021,11:57:50 PM,49.4,57.5,62.4,1774.2
7/15/2021,11:58:35 PM,49.8,57.6,62.3,1778.8
7/15/2021,11:59:20 PM,49.9,57.5,61.7,1780.0
7/16/2021,12:00:05 AM,49.4,57.0,62.4,1774.7
7/16/2021,12:00:50 AM,49.4,57.3,62.0,1779.7
7/16/2021,12:01:35 AM,49.9,57.3,62.4,1779.6
7/16/2021,12:02:20 AM,49.9,57.2,61.8,1780.3
7/16/2021,12:03:05 AM,49.4,57.6,62.3,1780.0
7/16/2021,12:03:50 AM,49.9,57.1,62.3,1779.2
7/16/2021,12:04:35 AM,49.8,57.6,62.1,1774.2
7/16/2021,12:05:20 AM,49.6,57.1,62.2,1774.5
7/16/2021,12:06:05 AM,49.9,57.5,62.4,1779.8
7/16/2021,12:06:50 AM,49.8,57.1,62.3,1779.9
7/16/2021,12:07:35 AM,49.8,57.5,62.1,1780.0
7/16/2021,12:08:20 AM,49.3,57.5,62.0,1774.2
7/16/2021,12:09:05 AM,49.9,57.2,62.2,1779.3
7/16/2021,12:09:50 AM,49.8,57.5,62.4,1779.9
7/16/2021,12:10:35 AM,49.8,57.5,62.4,1780.3
7/16/2021,12:11:20 AM,49.9,57.3,62.0,1779.4
7/16/2021,12:12:05 AM,49.8,57.1,61.7,1779.7
7/16/2021,12:12:50 AM,49.4,57.1,62.4,1780.0
7/16/2021,12:13:35 AM,49.3,57.1,62.0,1780.3
7/16/2021,12:14:20 AM,49.8,57.3,61.7,1774.4
7/16/2021,12:15:05 AM,49.9,57.4,62.4,1780.1
7/16/2021,12:15:50 AM,49.5,57.5,62.2,1780.1
7/16/2021,12:16:35 AM,50.0,57.2,61.9,1779.4
7/16/2021,12:17:20 AM,49.9,57.1,61.8,1779.9
7/16/2021,12:18:05 AM,49.8,57.3,61.7,1779.5
7/16/2021,12:18:50 AM,49.9,57.2,62.2,1774.4
7/16/2021,12:19:35 AM,49.4,57.1,61.9,1780.4
7/16/2021,12:20:20 AM,49.4,57.1,61.7,1780.2
7/16/2021,12:21:05 AM,49.9,57.6,61.9,1779.9
7/16/2021,12:21:50 AM,49.8,57.5,61.7,1775.0
7/16/2021,12:22:35 AM,49.8,57.5,61.8,1774.5
7/16/2021,12:23:20 AM,49.9,57.1,62.1,1775.0
7/16/2021,12:24:05 AM,49.6,57.3,61.7,1779.8
7/16/2021,12:24:50 AM,49.6,57.3,61.7,1780.0
7/16/2021,12:25:35 AM,49.6,57.3,62.2,1780.4
7/16/2021,12:26:20 AM,49.6,57.3,62.3,1774.8
7/16/2021,12:27:05 AM,49.6,57.3,62.2,1774.6
7/16/2021,12:27:50 AM,49.9,57.4,61.8,1775.0
7/16/2021,12:28:35 AM,49.3,57.3,61.7,1774.2
7/16/2021,12:29:20 AM,49.7,57.1,62.0,1774.3
7/16/2021,12:30:05 AM,49.9,57.2,62.0,1779.7
7/16/2021,12:30:50 AM,49.8,57.5,62.0,1779.7
7/16/2021,12:31:35 AM,49.8,57.5,62.1,1774.2
7/16/2021,12:32:20 AM,49.4,57.5,62.0,1774.5
7/16/2021,12:33:05 AM,49.8,57.5,61.8,1775.0
7/16/2021,12:33:50 AM,49.4,57.1,61.8,1779.9
7/16/2021,12:34:35 AM,49.3,57.2,62.2,1779.8
7/16/2021,12:35:20 AM,49.5,57.5,62.4,1780.0
7/16/2021,12:36:05 AM,49.8,57.3,62.4,1774.9
7/16/2021,12:36:50 AM,49.4,57.3,61.7,1780.2
7/16/2021,12:37:35 AM,49.4,57.3,61.7,1774.3
7/16/2021,12:38:20 AM,49.7,57.2,61.8,1774.2
7/16/2021,12:39:05 AM,49.9,57.6,61.8,1780.2
7/16/2021,12:39:50 AM,49.9,57.6,62.4,1779.4
7/16/2021,12:40:35 AM,49.5,57.5,61.7,1780.0
7/16/2021,12:41:20 AM,49.7,57.1,62.4,1774.6
7/16/2021,12:42:05 AM,49.5,57.3,61.9,1774.3
7/16/2021,12:42:50 AM,49.4,57.5,61.7,1774.3
7/16/2021,12:43:35 AM,49.5,57.3,61.8,1780.4
7/16/2021,12:44:20 AM,49.7,57.4,62.4,1775.2
7/16/2021,12:45:05 AM,49.8,57.5,61.8,1780.4
7/16/2021,12:45:50 AM,49.8,57.1,62.4,1774.6
7/16/2021,12:46:35 AM,49.4,57.1,61.8,1774.6
7/16/2021,12:47:20 AM,49.8,57.2,61.8,1775.1
7/16/2021,12:48:05 AM,49.8,57.6,61.7,1775.0
7/16/2021,12:48:50 AM,49.8,57.5,61.8,1775.1
7/16/2021,12:49:35 AM,49.8,57.2,62.0,1780.1
7/16/2021,12:50:20 AM,49.5,57.1,61.9,1774.5
7/16/2021,12:51:05 AM,49.7,57.3,61.8,1780.1
7/16/2021,12:51:49 AM,49.3,57.3,62.1,1780.1
7/16/2021,12:52:34 AM,49.8,57.4,62.2,1780.1
7/16/2021,12:53:19 AM,49.8,57.5,62.2,1780.1
7/16/2021,12:54:04 AM,49.4,57.4,61.8,1780.0
7/16/2021,12:54:49 AM,49.4,57.4,61.9,1780.4
7/16/2021,12:55:34 AM,49.6,57.4,62.4,1780.4
7/16/2021,12:56:19 AM,49.8,57.4,61.9,1780.0
7/16/2021,12:57:04 AM,49.8,57.3,61.8,1779.9
7/16/2021,12:57:49 AM,49.8,57.3,62.2,1774.3
7/16/2021,12:58:34 AM,49.4,57.3,62.3,1780.3
7/16/2021,12:59:19 AM,49.9,57.3,62.2,1774.4
7/16/2021,1:00:04 AM,49.6,57.3,62.2,1780.3
7/16/2021,1:00:49 AM,49.6,57.3,62.2,1780.0
7/16/2021,1:01:34 AM,49.6,57.4,61.8,1780.2
7/16/2021,1:02:19 AM,49.6,57.3,62.2,1774.6
7/16/2021,1:03:04 AM,49.6,57.3,62.4,1774.4
7/16/2021,1:03:49 AM,49.4,57.3,62.2,1775.0
7/16/2021,1:04:34 AM,49.4,57.4,62.2,1774.3
7/16/2021,1:05:19 AM,49.9,57.4,61.7,1774.2
7/16/2021,1:06:04 AM,49.6,57.3,62.3,1775.0
7/16/2021,1:06:49 AM,49.6,57.3,62.0,1775.3
7/16/2021,1:07:34 AM,49.6,57.3,61.8,1774.8
7/16/2021,1:08:19 AM,49.6,57.3,62.4,1775.4
7/16/2021,1:09:04 AM,49.4,57.5,61.9,1775.1
7/16/2021,1:09:49 AM,49.4,57.5,62.0,1775.2
7/16/2021,1:10:34 AM,49.9,57.4,62.1,1774.5
7/16/2021,1:11:19 AM,49.4,57.2,62.3,1774.8
7/16/2021,1:12:04 AM,49.4,57.1,62.2,1774.2
7/16/2021,1:12:49 AM,49.5,57.3,61.9,1774.9
7/16/2021,1:13:34 AM,49.4,57.4,61.8,1780.3
7/16/2021,1:14:19 AM,49.5,57.4,62.1,1774.2
7/16/2021,1:15:04 AM,49.8,57.4,62.4,1774.9
7/16/2021,1:15:49 AM,49.6,57.4,61.8,1775.9
7/16/2021,1:16:34 AM,49.5,57.3,62.2,1775.5
7/16/2021,1:17:19 AM,49.4,57.4,62.2,1775.4
7/16/2021,1:18:04 AM,49.5,57.4,61.8,1775.5
7/16/2021,1:18:49 AM,49.4,57.3,62.2,1775.4
7/16/2021,1:19:34 AM,49.8,57.4,61.6,1776.0
7/16/2021,1:20:19 AM,49.4,57.4,61.7,1775.3
7/16/2021,1:21:04 AM,49.6,57.3,62.4,1775.8
7/16/2021,1:21:49 AM,49.8,57.7,62.3,1775.0
7/16/2021,1:22:34 AM,49.5,57.5,62.4,1775.2
7/16/2021,1:23:19 AM,49.7,57.1,61.9,1775.1
7/16/2021,1:24:04 AM,49.9,57.1,61.7,1775.5
7/16/2021,1:24:49 AM,49.8,57.6,62.3,1775.1
7/16/2021,1:25:34 AM,49.8,57.5,62.3,1775.8
7/16/2021,1:26:19 AM,49.4,57.7,62.1,1774.5
7/16/2021,1:27:04 AM,49.8,57.6,61.9,1775.1
7/16/2021,1:27:49 AM,49.6,57.4,61.8,1775.8
7/16/2021,1:28:34 AM,49.5,57.4,62.4,1775.9
7/16/2021,1:29:19 AM,49.5,57.3,61.8,1776.5
7/16/2021,1:30:04 AM,49.9,57.2,61.9,1775.5
7/16/2021,1:30:49 AM,49.4,57.5,62.0,1776.0
7/16/2021,1:31:34 AM,49.3,57.3,61.8,1775.1
7/16/2021,1:32:19 AM,49.4,57.7,62.2,1775.1
7/16/2021,1:33:04 AM,49.8,57.2,62.0,1775.9
7/16/2021,1:33:49 AM,49.8,57.4,62.1,1775.5
7/16/2021,1:34:34 AM,49.3,57.7,62.0,1774.8
7/16/2021,1:35:19 AM,49.5,57.2,62.3,1775.1
7/16/2021,1:36:04 AM,49.3,57.6,61.9,1775.8
7/16/2021,1:36:49 AM,49.3,57.4,61.9,1775.4
7/16/2021,1:37:34 AM,49.4,57.2,61.7,1775.6
7/16/2021,1:38:19 AM,49.8,57.6,62.3,1774.9
7/16/2021,1:39:04 AM,49.8,57.6,61.8,1776.1
7/16/2021,1:39:49 AM,49.7,57.6,62.3,1776.1
7/16/2021,1:40:34 AM,49.5,57.4,62.3,1775.6
7/16/2021,1:41:19 AM,49.8,57.4,62.3,1775.5
7/16/2021,1:42:04 AM,49.9,57.3,61.8,1780.3
7/16/2021,1:42:49 AM,49.4,57.7,61.7,1780.3
7/16/2021,1:43:34 AM,49.8,57.3,62.2,1780.4
7/16/2021,1:44:19 AM,49.4,57.5,61.9,1774.6
7/16/2021,1:45:04 AM,49.9,57.2,62.3,1774.9
7/16/2021,1:45:49 AM,49.7,57.7,61.7,1775.3
7/16/2021,1:46:34 AM,49.7,57.2,61.7,1775.0
7/16/2021,1:47:19 AM,49.4,57.2,62.3,1774.5
7/16/2021,1:48:03 AM,49.4,57.2,61.7,1774.2
7/16/2021,1:48:48 AM,49.9,57.7,61.7,1775.6
7/16/2021,1:49:33 AM,49.9,57.7,61.7,1775.1
7/16/2021,1:50:18 AM,49.8,57.4,61.8,1776.4
7/16/2021,1:51:03 AM,49.8,57.1,62.2,1774.2
7/16/2021,1:51:48 AM,49.8,57.2,61.7,1774.4
7/16/2021,1:52:33 AM,49.8,57.6,62.2,1774.4
7/16/2021,1:53:18 AM,49.8,57.1,62.2,1774.4
7/16/2021,1:54:03 AM,49.8,57.2,62.1,1775.8
7/16/2021,1:54:48 AM,49.4,57.5,62.3,1775.7
7/16/2021,1:55:33 AM,49.4,57.2,62.0,1775.4
7/16/2021,1:56:18 AM,49.8,57.4,62.2,1775.6
7/16/2021,1:57:03 AM,49.5,57.3,61.7,1776.0
7/16/2021,1:57:48 AM,49.8,57.4,61.9,1775.3
7/16/2021,1:58:33 AM,49.5,57.4,61.7,1775.1
7/16/2021,1:59:18 AM,49.4,57.2,62.2,1776.1
7/16/2021,2:00:03 AM,49.8,57.6,62.1,1775.4
7/16/2021,2:00:48 AM,49.9,57.7,61.7,1775.2
7/16/2021,2:01:33 AM,49.8,57.7,61.9,1774.3
7/16/2021,2:02:18 AM,49.8,57.7,61.7,1780.4
7/16/2021,2:03:03 AM,49.6,57.2,61.7,1775.9
7/16/2021,2:03:48 AM,49.4,57.5,61.7,1780.1
7/16/2021,2:04:33 AM,49.7,57.2,61.8,1776.0
7/16/2021,2:05:18 AM,49.4,57.2,61.9,1774.8
7/16/2021,2:06:03 AM,49.8,57.2,61.7,1774.5
7/16/2021,2:06:48 AM,49.7,57.3,62.1,1774.7
7/16/2021,2:07:33 AM,49.3,57.2,62.3,1776.4
7/16/2021,2:08:18 AM,49.4,57.4,61.7,1774.3
7/16/2021,2:09:03 AM,49.6,57.4,62.3,1780.4
7/16/2021,2:09:48 AM,49.5,57.5,61.9,1775.2
7/16/2021,2:10:33 AM,49.4,57.5,61.7,1776.3
7/16/2021,2:11:18 AM,49.9,57.2,61.9,1776.0
7/16/2021,2:12:03 AM,49.8,57.2,62.3,1775.6
7/16/2021,2:12:48 AM,49.3,57.6,61.8,1780.3
7/16/2021,2:13:33 AM,49.8,57.2,62.2,1780.2
7/16/2021,2:14:18 AM,49.2,57.6,61.6,1774.8
7/16/2021,2:15:03 AM,49.3,57.7,62.0,1780.3
7/16/2021,2:15:48 AM,49.9,57.4,62.2,1774.2
7/16/2021,2:16:33 AM,49.5,57.4,61.8,1774.6
7/16/2021,2:17:18 AM,49.5,57.4,62.1,1774.9
7/16/2021,2:18:03 AM,49.5,57.4,61.7,1774.3
7/16/2021,2:18:48 AM,49.3,57.7,61.8,1774.5
7/16/2021,2:19:33 AM,49.8,57.7,62.2,1775.0
7/16/2021,2:20:18 AM,49.4,57.6,61.6,1774.2
7/16/2021,2:21:03 AM,49.8,57.7,62.1,1775.1
7/16/2021,2:21:48 AM,49.8,57.3,61.8,1774.6
7/16/2021,2:22:33 AM,49.8,57.2,62.1,1774.3
7/16/2021,2:23:18 AM,49.7,57.6,61.7,1775.1
7/16/2021,2:24:03 AM,49.3,57.2,61.9,1775.3
7/16/2021,2:24:48 AM,49.8,57.4,61.9,1774.2
7/16/2021,2:25:33 AM,49.2,57.5,61.6,1774.8
7/16/2021,2:26:18 AM,49.5,57.4,61.7,1776.1
7/16/2021,2:27:03 AM,49.3,57.4,61.9,1775.4
7/16/2021,2:27:48 AM,49.3,57.3,61.7,1780.4
7/16/2021,2:28:33 AM,49.4,57.5,61.8,1775.5
7/16/2021,2:29:18 AM,49.5,57.6,61.6,1774.5
7/16/2021,2:30:03 AM,49.7,57.7,61.8,1774.5
7/16/2021,2:30:48 AM,49.8,57.3,62.2,1775.6
7/16/2021,2:31:33 AM,49.8,57.4,61.9,1775.4
7/16/2021,2:32:18 AM,49.3,57.5,61.8,1775.7
7/16/2021,2:33:03 AM,49.4,57.2,62.1,1775.8
7/16/2021,2:33:48 AM,49.8,57.2,62.2,1775.1
7/16/2021,2:34:33 AM,49.4,57.3,61.9,1775.2
7/16/2021,2:35:18 AM,49.8,57.7,62.1,1775.9
7/16/2021,2:36:03 AM,49.8,57.7,62.0,1776.1
7/16/2021,2:36:48 AM,49.3,57.2,62.2,1776.0
7/16/2021,2:37:33 AM,49.3,57.2,62.2,1776.1
7/16/2021,2:38:18 AM,49.7,57.7,62.1,1774.7
7/16/2021,2:39:03 AM,49.2,57.7,61.7,1776.1
7/16/2021,2:39:48 AM,49.8,57.3,62.1,1775.9
7/16/2021,2:40:33 AM,49.7,57.7,61.6,1780.4
7/16/2021,2:41:18 AM,49.7,57.5,62.0,1776.2
7/16/2021,2:42:03 AM,49.8,57.6,61.9,1775.4
7/16/2021,2:42:48 AM,49.2,57.3,61.6,1776.6
7/16/2021,2:43:33 AM,49.3,57.4,61.8,1775.8
7/16/2021,2:44:17 AM,49.3,57.4,62.3,1775.5
7/16/2021,2:45:02 AM,49.8,57.2,62.3,1776.2
7/16/2021,2:45:47 AM,49.3,57.3,62.3,1780.4
7/16/2021,2:46:32 AM,49.2,57.8,61.7,1776.4
7/16/2021,2:47:17 AM,49.8,57.6,61.6,1775.9
7/16/2021,2:48:02 AM,49.2,57.2,62.2,1775.7
7/16/2021,2:48:47 AM,49.4,57.2,61.6,1775.5
7/16/2021,2:49:32 AM,49.3,57.2,62.1,1775.2
7/16/2021,2:50:17 AM,49.3,57.2,62.2,1775.0
7/16/2021,2:51:02 AM,49.8,57.7,61.8,1776.0
7/16/2021,2:51:47 AM,49.3,57.4,61.7,1776.7
7/16/2021,2:52:32 AM,49.7,57.4,61.7,1774.3
7/16/2021,2:53:17 AM,49.8,57.3,62.1,1774.3
7/16/2021,2:54:02 AM,49.5,57.7,62.2,1775.2
7/16/2021,2:54:47 AM,49.4,57.6,62.2,1776.1
7/16/2021,2:55:32 AM,49.8,57.7,62.2,1775.3
7/16/2021,2:56:17 AM,49.2,57.7,62.1,1775.8
7/16/2021,2:57:02 AM,49.4,57.7,61.6,1775.8
7/16/2021,2:57:47 AM,49.2,57.8,62.2,1775.3
7/16/2021,2:58:32 AM,49.7,57.2,61.6,1775.2
7/16/2021,2:59:17 AM,49.3,57.6,61.7,1775.3
7/16/2021,3:00:02 AM,49.4,57.7,61.5,1775.7
7/16/2021,3:00:47 AM,49.8,57.2,62.2,1775.3
7/16/2021,3:01:32 AM,49.8,57.6,61.5,1775.9
7/16/2021,3:02:17 AM,49.2,57.7,62.1,1775.8
7/16/2021,3:03:02 AM,49.7,57.7,62.1,1775.4
7/16/2021,3:03:47 AM,49.3,57.2,62.1,1775.6
7/16/2021,3:04:32 AM,49.8,57.6,62.2,1775.6
7/16/2021,3:05:17 AM,49.2,57.1,61.7,1776.3
7/16/2021,3:06:02 AM,49.7,57.6,61.9,1776.2
7/16/2021,3:06:47 AM,49.8,57.6,62.0,1775.1
7/16/2021,3:07:32 AM,49.2,57.4,62.2,1775.4
7/16/2021,3:08:17 AM,49.3,57.4,62.2,1775.2
7/16/2021,3:09:02 AM,49.7,57.2,61.5,1776.1
7/16/2021,3:09:47 AM,49.2,57.2,61.7,1776.4
7/16/2021,3:10:32 AM,49.5,57.4,62.1,1775.0
7/16/2021,3:11:17 AM,49.2,57.4,62.2,1776.3
7/16/2021,3:12:02 AM,49.5,57.4,62.0,1776.1
7/16/2021,3:12:47 AM,49.4,57.4,62.2,1775.2
7/16/2021,3:13:32 AM,49.8,57.5,62.1,1775.1
7/16/2021,3:14:17 AM,49.7,57.3,62.0,1775.7
7/16/2021,3:15:02 AM,49.2,57.3,61.9,1775.1
7/16/2021,3:15:47 AM,49.8,57.3,62.2,1775.6
7/16/2021,3:16:32 AM,49.7,57.7,62.3,1774.6
7/16/2021,3:17:17 AM,49.3,57.2,61.9,1776.0
7/16/2021,3:18:02 AM,49.2,57.5,62.2,1776.4
7/16/2021,3:18:47 AM,49.2,57.4,62.1,1776.6
7/16/2021,3:19:32 AM,49.5,57.4,62.1,1775.3
7/16/2021,3:20:17 AM,49.3,57.5,61.6,1775.9
7/16/2021,3:21:02 AM,49.2,57.5,61.7,1775.8
7/16/2021,3:21:47 AM,49.5,57.8,61.6,1776.7
7/16/2021,3:22:32 AM,49.6,57.3,61.9,1777.4
7/16/2021,3:23:17 AM,49.6,57.2,61.7,1775.4
7/16/2021,3:24:02 AM,49.7,57.2,62.3,1775.3
7/16/2021,3:24:47 AM,49.3,57.6,61.7,1776.4
7/16/2021,3:25:32 AM,49.6,57.7,61.7,1775.2
7/16/2021,3:26:17 AM,49.3,57.2,62.0,1775.4
7/16/2021,3:27:02 AM,49.7,57.6,61.9,1776.1
7/16/2021,3:27:47 AM,49.2,57.4,62.2,1776.2
7/16/2021,3:28:32 AM,49.8,57.2,61.8,1776.6
7/16/2021,3:29:17 AM,49.2,57.7,62.2,1774.7
7/16/2021,3:30:02 AM,49.7,57.1,62.1,1776.0
7/16/2021,3:30:47 AM,49.6,57.6,61.9,1776.0
7/16/2021,3:31:32 AM,49.2,57.8,62.2,1776.3
7/16/2021,3:32:17 AM,49.8,57.6,61.8,1775.7
7/16/2021,3:33:02 AM,49.2,57.2,61.8,1775.8
7/16/2021,3:33:47 AM,49.7,57.8,62.0,1775.6
7/16/2021,3:34:32 AM,49.5,57.7,62.2,1775.5
7/16/2021,3:35:17 AM,49.6,57.5,61.7,1776.7
7/16/2021,3:36:02 AM,49.4,57.5,62.0,1775.8
7/16/2021,3:36:47 AM,49.5,57.5,61.7,1775.9
7/16/2021,3:37:32 AM,49.4,57.5,62.1,1775.2
7/16/2021,3:38:17 AM,49.5,57.5,61.7,1776.3
7/16/2021,3:39:02 AM,49.5,57.5,61.7,1775.9
7/16/2021,3:39:47 AM,49.3,57.5,62.2,1776.9
7/16/2021,3:40:31 AM,49.5,57.3,61.5,1777.4
7/16/2021,3:41:16 AM,49.6,57.6,61.7,1775.8
7/16/2021,3:42:01 AM,49.8,57.2,61.6,1776.3
7/16/2021,3:42:46 AM,49.3,57.5,62.1,1775.4
7/16/2021,3:43:31 AM,49.2,57.6,61.6,1775.6
7/16/2021,3:44:16 AM,49.2,57.8,61.8,1776.6
7/16/2021,3:45:01 AM,49.7,57.2,61.9,1775.2
7/16/2021,3:45:46 AM,49.7,57.6,61.8,1776.1
7/16/2021,3:46:31 AM,49.6,57.7,61.6,1776.6
7/16/2021,3:47:16 AM,49.2,57.5,62.2,1775.0
7/16/2021,3:48:01 AM,49.2,57.6,62.1,1776.1
7/16/2021,3:48:46 AM,49.2,57.4,61.8,1775.6
7/16/2021,3:49:31 AM,49.7,57.5,61.6,1775.6
7/16/2021,3:50:16 AM,49.2,57.2,62.2,1776.1
7/16/2021,3:51:01 AM,49.8,57.6,62.1,1777.5
7/16/2021,3:51:46 AM,49.2,57.5,61.7,1775.9
7/16/2021,3:52:31 AM,49.2,57.5,61.8,1776.5
7/16/2021,3:53:16 AM,49.2,57.4,61.6,1775.4
7/16/2021,3:54:01 AM,49.2,57.5,61.7,1776.4
7/16/2021,3:54:46 AM,49.6,57.4,62.2,1774.8
7/16/2021,3:55:31 AM,49.8,57.2,61.7,1775.6
7/16/2021,3:56:16 AM,49.6,57.2,61.6,1776.0
7/16/2021,3:57:01 AM,49.6,57.5,62.1,1776.7
7/16/2021,3:57:46 AM,49.2,57.2,61.6,1776.1
7/16/2021,3:58:31 AM,49.2,57.2,61.5,1776.9
7/16/2021,3:59:16 AM,49.2,57.6,61.7,1775.4
7/16/2021,4:00:01 AM,49.6,57.2,61.8,1775.9
7/16/2021,4:00:46 AM,49.3,57.2,61.7,1776.9
7/16/2021,4:01:31 AM,49.2,57.2,61.8,1776.3
7/16/2021,4:02:16 AM,49.2,57.5,62.0,1777.1
7/16/2021,4:03:01 AM,49.4,57.5,62.1,1775.5
7/16/2021,4:03:46 AM,49.4,57.5,61.5,1776.6
7/16/2021,4:04:31 AM,49.5,57.4,61.9,1775.6
7/16/2021,4:05:16 AM,49.4,57.4,62.1,1776.9
7/16/2021,4:06:01 AM,49.4,57.4,61.6,1776.2
7/16/2021,4:06:46 AM,49.5,57.5,62.1,1775.5
7/16/2021,4:07:31 AM,49.4,57.5,61.5,1776.2
7/16/2021,4:08:16 AM,49.2,57.4,61.7,1776.9
7/16/2021,4:09:01 AM,49.2,57.3,61.5,1775.4
7/16/2021,4:09:46 AM,49.6,57.2,61.7,1776.2
7/16/2021,4:10:31 AM,49.2,57.2,61.7,1775.3
7/16/2021,4:11:16 AM,49.5,57.2,61.8,1776.3
7/16/2021,4:12:01 AM,49.6,57.2,62.0,1776.1
7/16/2021,4:12:46 AM,49.6,57.4,61.9,1776.4
7/16/2021,4:13:31 AM,49.3,57.2,61.9,1777.0
7/16/2021,4:14:16 AM,49.6,57.2,62.1,1775.0
7/16/2021,4:15:01 AM,49.7,57.6,61.6,1776.8
7/16/2021,4:15:46 AM,49.6,57.2,62.1,1777.2
7/16/2021,4:16:31 AM,49.1,57.2,62.1,1775.6
7/16/2021,4:17:16 AM,49.2,57.8,61.7,1776.4
7/16/2021,4:18:01 AM,49.1,57.2,62.0,1775.4
7/16/2021,4:18:46 AM,49.2,57.6,61.9,1776.1
7/16/2021,4:19:31 AM,49.6,57.2,61.6,1775.8
7/16/2021,4:20:16 AM,49.6,57.2,61.5,1775.3
7/16/2021,4:21:01 AM,49.3,57.7,61.8,1776.7
7/16/2021,4:21:46 AM,49.5,57.6,61.7,1777.0
7/16/2021,4:22:31 AM,49.6,57.7,61.9,1775.5
7/16/2021,4:23:16 AM,49.2,57.5,62.1,1776.2
7/16/2021,4:24:01 AM,49.4,57.5,61.8,1775.3
7/16/2021,4:24:46 AM,49.4,57.4,61.5,1776.9
7/16/2021,4:25:31 AM,49.4,57.4,62.0,1775.2
7/16/2021,4:26:16 AM,49.4,57.5,62.1,1775.8
7/16/2021,4:27:01 AM,49.3,57.4,61.9,1774.9
7/16/2021,4:27:46 AM,49.2,57.5,62.2,1775.7
7/16/2021,4:28:31 AM,49.2,57.4,62.2,1776.0
7/16/2021,4:29:16 AM,49.3,57.2,61.8,1775.0
7/16/2021,4:30:01 AM,49.1,57.2,61.5,1775.5
7/16/2021,4:30:46 AM,49.6,57.6,61.8,1776.7
7/16/2021,4:31:31 AM,49.5,57.7,61.8,1775.8
7/16/2021,4:32:16 AM,49.3,57.4,61.9,1776.4
7/16/2021,4:33:01 AM,49.7,57.6,62.1,1775.2
7/16/2021,4:33:46 AM,49.6,57.2,62.0,1776.0
7/16/2021,4:34:31 AM,49.3,57.5,62.1,1775.3
7/16/2021,4:35:16 AM,49.1,57.3,61.5,1776.1
7/16/2021,4:36:01 AM,49.3,57.6,61.8,1776.8
7/16/2021,4:36:45 AM,49.7,57.6,61.8,1775.5
7/16/2021,4:37:30 AM,49.6,57.6,61.8,1776.6
7/16/2021,4:38:15 AM,49.5,57.5,61.9,1775.8
7/16/2021,4:39:00 AM,49.5,57.6,61.8,1777.2
7/16/2021,4:39:45 AM,49.3,57.5,62.1,1775.5
7/16/2021,4:40:30 AM,49.3,57.4,61.9,1776.4
7/16/2021,4:41:15 AM,49.5,57.5,62.0,1777.3
7/16/2021,4:42:00 AM,49.6,57.5,61.8,1775.6
7/16/2021,4:42:45 AM,49.5,57.4,61.5,1776.4
7/16/2021,4:43:30 AM,49.5,57.2,61.8,1776.9
7/16/2021,4:44:15 AM,49.4,57.4,61.5,1775.6
7/16/2021,4:45:00 AM,49.3,57.5,61.6,1776.0
7/16/2021,4:45:45 AM,49.7,57.2,61.4,1775.3
7/16/2021,4:46:30 AM,49.1,57.6,61.7,1776.9
7/16/2021,4:47:15 AM,49.5,57.4,62.0,1777.6
7/16/2021,4:48:00 AM,49.4,57.4,61.5,1775.4
7/16/2021,4:48:45 AM,49.4,57.5,62.0,1776.3
7/16/2021,4:49:30 AM,49.4,57.5,61.9,1776.8
7/16/2021,4:50:15 AM,49.4,57.5,61.8,1775.3
7/16/2021,4:51:00 AM,49.4,57.5,62.1,1776.1
7/16/2021,4:51:45 AM,49.4,57.5,61.9,1776.1
7/16/2021,4:52:30 AM,49.4,57.4,61.5,1777.0
7/16/2021,4:53:15 AM,49.4,57.5,61.9,1775.9
7/16/2021,4:54:00 AM,49.2,57.4,61.6,1776.2
7/16/2021,4:54:45 AM,49.4,57.4,61.4,1776.9
7/16/2021,4:55:30 AM,49.4,57.4,61.8,1776.3
7/16/2021,4:56:15 AM,49.1,57.6,62.0,1776.3
7/16/2021,4:57:00 AM,49.4,57.2,62.2,1777.5
7/16/2021,4:57:45 AM,49.5,57.6,61.5,1775.7
7/16/2021,4:58:30 AM,49.2,57.3,61.8,1776.2
7/16/2021,4:59:15 AM,49.1,57.3,62.1,1775.6
7/16/2021,5:00:00 AM,49.6,57.4,61.8,1776.0
7/16/2021,5:00:45 AM,49.4,57.4,61.4,1775.6
7/16/2021,5:01:30 AM,49.1,57.4,61.7,1776.6
7/16/2021,5:02:15 AM,49.1,57.6,61.7,1776.8
7/16/2021,5:03:00 AM,49.2,57.4,61.5,1776.4
7/16/2021,5:03:45 AM,49.3,57.5,61.7,1776.1
7/16/2021,5:04:30 AM,49.4,57.5,61.5,1777.5
7/16/2021,5:05:15 AM,49.3,57.5,61.8,1776.0
7/16/2021,5:06:00 AM,49.2,57.4,61.9,1776.5
7/16/2021,5:06:45 AM,49.3,57.5,61.8,1777.0
7/16/2021,5:07:30 AM,49.4,57.5,61.7,1775.9
7/16/2021,5:08:15 AM,49.3,57.4,61.8,1775.6
7/16/2021,5:09:00 AM,49.3,57.5,61.9,1776.3
7/16/2021,5:09:45 AM,49.3,57.4,61.9,1777.4
7/16/2021,5:10:30 AM,49.4,57.5,62.1,1777.3
7/16/2021,5:11:15 AM,49.4,57.4,61.9,1776.0
7/16/2021,5:12:00 AM,49.4,57.4,61.4,1775.9
7/16/2021,5:12:45 AM,49.2,57.5,61.8,1776.6
7/16/2021,5:13:30 AM,49.3,57.5,61.5,1777.4
7/16/2021,5:14:15 AM,49.3,57.4,61.9,1777.0
7/16/2021,5:15:00 AM,49.5,57.2,61.6,1775.4
7/16/2021,5:15:45 AM,49.1,57.6,61.7,1775.8
7/16/2021,5:16:30 AM,49.0,57.2,62.0,1775.6
7/16/2021,5:17:15 AM,49.5,57.4,61.6,1776.5
7/16/2021,5:18:00 AM,49.3,57.4,61.8,1777.3
7/16/2021,5:18:45 AM,49.3,57.5,61.4,1776.0
7/16/2021,5:19:30 AM,49.3,57.4,61.4,1776.2
7/16/2021,5:20:15 AM,49.1,57.5,61.8,1776.1
7/16/2021,5:21:00 AM,49.3,57.4,61.4,1776.3
7/16/2021,5:21:45 AM,49.4,57.5,61.5,1776.6
7/16/2021,5:22:30 AM,49.6,57.5,61.7,1777.2
7/16/2021,5:23:15 AM,49.0,57.4,61.9,1776.9
7/16/2021,5:24:00 AM,49.4,57.6,61.7,1776.5
7/16/2021,5:24:45 AM,49.1,57.6,61.6,1776.6
7/16/2021,5:25:30 AM,49.5,57.2,61.7,1777.2
7/16/2021,5:26:15 AM,49.3,57.4,61.4,1776.7
7/16/2021,5:27:00 AM,49.4,57.5,62.0,1777.3
7/16/2021,5:27:45 AM,49.3,57.4,61.5,1776.5
7/16/2021,5:28:30 AM,49.2,57.4,61.8,1776.5
7/16/2021,5:29:15 AM,49.2,57.4,61.9,1776.8
7/16/2021,5:30:00 AM,49.1,57.8,61.4,1776.9
7/16/2021,5:30:45 AM,49.2,57.5,61.8,1777.5
7/16/2021,5:31:30 AM,49.1,57.4,61.4,1776.7
7/16/2021,5:32:15 AM,49.2,57.5,62.0,1777.0
7/16/2021,5:32:59 AM,49.3,57.5,61.4,1776.5
7/16/2021,5:33:44 AM,49.2,57.4,61.4,1777.3
7/16/2021,5:34:29 AM,49.3,57.4,61.4,1777.3
7/16/2021,5:35:14 AM,49.3,57.5,61.5,1775.8
7/16/2021,5:35:59 AM,49.3,57.4,61.8,1776.3
7/16/2021,5:36:44 AM,49.2,57.4,61.8,1776.4
7/16/2021,5:37:29 AM,49.3,57.4,61.8,1777.0
7/16/2021,5:38:14 AM,49.4,57.6,61.8,1777.3
7/16/2021,5:38:59 AM,49.4,57.2,61.7,1777.3
7/16/2021,5:39:44 AM,49.3,57.5,61.7,1776.9
7/16/2021,5:40:29 AM,49.0,57.2,61.7,1778.2
7/16/2021,5:41:14 AM,49.0,57.4,62.0,1777.1
7/16/2021,5:41:59 AM,49.2,57.4,61.4,1777.5
7/16/2021,5:42:44 AM,49.4,57.2,61.7,1777.8
7/16/2021,5:43:29 AM,49.1,57.2,62.0,1778.0
7/16/2021,5:44:14 AM,49.3,57.4,61.5,1777.7
7/16/2021,5:44:59 AM,49.2,57.4,61.4,1777.3
7/16/2021,5:45:44 AM,49.4,57.3,61.9,1777.7
7/16/2021,5:46:29 AM,48.9,57.3,61.8,1778.0
7/16/2021,5:47:14 AM,49.2,57.3,61.4,1777.7
7/16/2021,5:47:59 AM,49.0,57.2,61.7,1777.6
7/16/2021,5:48:44 AM,49.4,57.2,61.7,1777.3
7/16/2021,5:49:29 AM,49.0,57.4,61.4,1777.9
7/16/2021,5:50:14 AM,49.2,57.4,61.5,1777.8
7/16/2021,5:50:59 AM,49.2,57.4,61.9,1777.3
7/16/2021,5:51:44 AM,49.4,57.4,61.5,1776.9
7/16/2021,5:52:29 AM,49.2,57.5,61.7,1777.2
7/16/2021,5:53:14 AM,48.9,57.4,61.7,1776.8
7/16/2021,5:53:59 AM,49.5,57.2,61.6,1777.3
7/16/2021,5:54:44 AM,49.0,57.2,61.8,1777.2
7/16/2021,5:55:29 AM,48.9,57.4,61.6,1776.8
7/16/2021,5:56:14 AM,49.0,57.3,61.9,1777.0
7/16/2021,5:56:59 AM,49.2,57.3,61.9,1777.9
7/16/2021,5:57:44 AM,49.4,57.4,61.4,1777.3
7/16/2021,5:58:29 AM,49.2,57.4,61.9,1776.3
7/16/2021,5:59:14 AM,49.2,57.5,61.4,1776.8
7/16/2021,5:59:59 AM,49.0,57.5,61.8,1776.7
7/16/2021,6:00:44 AM,49.0,57.6,61.7,1776.2
7/16/2021,6:01:29 AM,48.9,57.7,61.7,1777.0
7/16/2021,6:02:14 AM,48.9,57.6,61.6,1775.9
7/16/2021,6:02:59 AM,49.4,57.2,61.6,1777.3
7/16/2021,6:03:44 AM,49.2,57.6,61.9,1776.8
7/16/2021,6:04:29 AM,49.2,57.3,61.9,1777.3
7/16/2021,6:05:14 AM,49.5,57.3,61.5,1777.3
7/16/2021,6:05:59 AM,49.1,57.6,61.7,1777.0
7/16/2021,6:06:44 AM,49.5,57.7,61.6,1777.1
7/16/2021,6:07:29 AM,49.4,57.6,61.8,1776.4
7/16/2021,6:08:14 AM,49.4,57.3,61.5,1776.0
7/16/2021,6:08:59 AM,49.2,57.6,61.3,1776.3
7/16/2021,6:09:44 AM,49.2,57.4,61.8,1776.7
7/16/2021,6:10:29 AM,49.2,57.4,61.5,1777.3
7/16/2021,6:11:14 AM,49.2,57.4,61.9,1777.6
7/16/2021,6:11:59 AM,49.2,57.1,61.9,1776.6
7/16/2021,6:12:44 AM,49.2,57.4,61.3,1776.4
7/16/2021,6:13:29 AM,48.9,57.3,61.7,1776.3
7/16/2021,6:14:14 AM,49.4,57.3,61.7,1776.8
7/16/2021,6:14:59 AM,48.9,57.2,61.5,1777.2
7/16/2021,6:15:44 AM,49.1,57.3,61.9,1777.3
7/16/2021,6:16:29 AM,49.2,57.3,61.4,1776.9
7/16/2021,6:17:14 AM,49.2,57.4,61.4,1777.3
7/16/2021,6:17:59 AM,49.4,57.2,61.6,1777.4
7/16/2021,6:18:44 AM,49.5,57.2,61.3,1776.9
7/16/2021,6:19:29 AM,49.4,57.3,61.3,1776.9
7/16/2021,6:20:14 AM,49.4,57.6,61.9,1776.7
7/16/2021,6:20:59 AM,49.4,57.2,61.9,1776.7
7/16/2021,6:21:44 AM,49.4,57.1,61.9,1776.2
7/16/2021,6:22:29 AM,49.3,57.2,61.7,1776.5
7/16/2021,6:23:14 AM,49.4,57.5,61.9,1776.9
7/16/2021,6:23:59 AM,49.4,57.1,61.6,1777.7
7/16/2021,6:24:44 AM,49.1,57.5,61.7,1775.5
7/16/2021,6:25:29 AM,49.3,57.2,61.7,1775.8
7/16/2021,6:26:14 AM,49.1,57.3,61.5,1776.1
7/16/2021,6:26:59 AM,49.2,57.3,61.3,1776.7
7/16/2021,6:27:44 AM,49.2,57.4,61.8,1776.3
7/16/2021,6:28:29 AM,49.2,57.3,61.3,1776.1
7/16/2021,6:29:13 AM,49.4,57.2,61.7,1776.3
7/16/2021,6:29:58 AM,49.4,57.2,61.8,1776.3
7/16/2021,6:30:43 AM,49.4,57.5,61.8,1776.7
7/16/2021,6:31:28 AM,49.2,57.5,61.9,1775.9
7/16/2021,6:32:13 AM,49.0,57.5,61.9,1777.2
7/16/2021,6:32:58 AM,49.3,57.2,61.6,1776.5
7/16/2021,6:33:43 AM,49.2,57.2,61.6,1776.8
7/16/2021,6:34:28 AM,49.3,57.5,61.7,1776.9
7/16/2021,6:35:13 AM,48.9,57.5,61.5,1776.3
7/16/2021,6:35:58 AM,49.4,57.6,61.7,1777.8
7/16/2021,6:36:43 AM,48.9,57.6,61.6,1776.0
7/16/2021,6:37:28 AM,48.9,57.5,61.6,1776.8
7/16/2021,6:38:13 AM,49.4,57.2,61.2,1776.3
7/16/2021,6:38:58 AM,49.4,57.5,61.9,1777.8
7/16/2021,6:39:43 AM,49.0,57.1,61.7,1777.7
7/16/2021,6:40:28 AM,49.3,57.1,61.6,1776.4
7/16/2021,6:41:13 AM,49.4,57.6,61.3,1776.8
7/16/2021,6:41:58 AM,49.4,57.2,61.3,1777.4
7/16/2021,6:42:43 AM,48.9,57.2,61.8,1777.3
7/16/2021,6:43:28 AM,49.3,57.5,61.9,1778.0
7/16/2021,6:44:13 AM,49.4,57.1,61.4,1776.7
7/16/2021,6:44:58 AM,48.9,57.6,61.2,1776.5
7/16/2021,6:45:43 AM,49.4,57.6,61.3,1777.2
7/16/2021,6:46:28 AM,49.2,57.5,61.2,1778.1
7/16/2021,6:47:13 AM,48.9,57.6,61.2,1778.0
7/16/2021,6:47:58 AM,49.4,57.2,61.8,1777.5
7/16/2021,6:48:43 AM,49.4,57.6,61.3,1777.3
7/16/2021,6:49:28 AM,48.9,57.5,61.9,1777.0
7/16/2021,6:50:13 AM,48.9,57.2,61.6,1776.8
7/16/2021,6:50:58 AM,49.3,57.5,61.5,1776.9
7/16/2021,6:51:43 AM,49.0,57.5,61.7,1776.4
7/16/2021,6:52:28 AM,49.2,57.1,61.3,1776.6
7/16/2021,6:53:13 AM,49.1,57.3,61.9,1776.6
7/16/2021,6:53:58 AM,48.9,57.1,61.7,1776.6
7/16/2021,6:54:43 AM,48.7,56.9,61.8,1776.9
7/16/2021,6:55:28 AM,48.2,56.5,61.2,1777.2
