3/24/2022,7:47:45 PM,32.2,28.8,29.6,30.1
3/24/2022,7:48:30 PM,32.3,28.8,29.0,31.0
3/24/2022,7:49:15 PM,32.0,28.8,29.5,30.6
3/24/2022,7:50:00 PM,31.6,28.8,29.4,30.5
3/24/2022,7:50:45 PM,30.7,28.8,29.2,30.6
3/24/2022,7:51:30 PM,31.2,28.8,29.1,31.3
3/24/2022,7:52:15 PM,30.3,28.8,29.3,31.3
3/24/2022,7:53:00 PM,30.9,28.8,29.1,30.7
3/24/2022,7:53:45 PM,30.7,28.8,29.4,30.8
3/24/2022,7:54:30 PM,30.7,28.9,29.5,31.1
3/24/2022,7:55:15 PM,30.6,28.9,29.5,31.1
3/24/2022,7:56:00 PM,30.4,28.9,28.9,30.6
3/24/2022,7:56:45 PM,30.4,28.9,28.9,31.2
3/24/2022,7:57:30 PM,30.4,28.9,29.4,31.2
3/24/2022,7:58:15 PM,29.6,28.9,28.9,30.5
3/24/2022,7:59:00 PM,29.6,28.9,29.2,31.0
3/24/2022,7:59:45 PM,29.6,28.9,29.1,31.1
3/24/2022,8:00:30 PM,30.3,29.0,29.1,30.4
3/24/2022,8:01:15 PM,30.1,29.0,29.1,30.9
3/24/2022,8:02:00 PM,30.2,29.0,29.1,30.6
3/24/2022,8:02:45 PM,29.5,29.0,28.9,30.3
3/24/2022,8:03:30 PM,29.5,29.0,29.1,30.4
3/24/2022,8:04:15 PM,29.6,29.0,28.8,30.3
3/24/2022,8:05:00 PM,29.5,29.0,28.9,30.4
3/24/2022,8:05:45 PM,29.2,29.1,29.0,30.2
3/24/2022,8:06:30 PM,29.2,29.1,29.1,30.6
3/24/2022,8:07:15 PM,30.1,29.1,28.9,31.0
3/24/2022,8:08:00 PM,30.0,29.1,28.9,30.3
3/24/2022,8:08:45 PM,29.9,29.1,28.8,30.6
3/24/2022,8:09:30 PM,30.1,29.1,28.8,31.0
3/24/2022,8:10:15 PM,29.4,29.1,28.8,30.3
3/24/2022,8:11:00 PM,29.9,29.1,29.2,30.7
3/24/2022,8:11:45 PM,29.5,29.2,28.6,30.4
3/24/2022,8:12:30 PM,30.0,29.2,29.0,30.3
3/24/2022,8:13:15 PM,30.1,29.2,29.0,30.9
3/24/2022,8:14:00 PM,29.3,29.2,29.0,31.0
3/24/2022,8:14:45 PM,29.9,29.2,28.7,30.9
3/24/2022,8:15:30 PM,29.4,29.2,28.9,30.4
3/24/2022,8:16:15 PM,29.8,29.2,28.8,30.3
3/24/2022,8:17:00 PM,29.3,29.2,29.0,30.4
3/24/2022,8:17:45 PM,29.1,29.2,29.0,30.9
3/24/2022,8:18:30 PM,29.4,29.2,29.4,30.3
3/24/2022,8:19:15 PM,29.9,29.2,29.8,30.7
3/24/2022,8:20:00 PM,30.1,29.2,30.1,31.2
3/24/2022,8:20:45 PM,29.7,29.2,30.7,31.9
3/24/2022,8:21:30 PM,30.4,29.3,30.9,31.4
3/24/2022,8:22:15 PM,30.0,29.3,31.6,32.3
3/24/2022,8:23:00 PM,30.0,29.3,31.7,32.1
3/24/2022,8:23:45 PM,30.2,29.3,32.2,32.5
3/24/2022,8:24:30 PM,30.3,29.3,32.5,32.4
3/24/2022,8:25:15 PM,30.6,29.3,32.5,33.2
3/24/2022,8:26:00 PM,31.1,29.4,32.9,33.2
3/24/2022,8:26:45 PM,31.4,29.4,33.5,33.0
3/24/2022,8:27:30 PM,31.0,29.4,33.6,33.5
3/24/2022,8:28:15 PM,31.0,29.4,33.9,33.5
3/24/2022,8:29:00 PM,32.0,29.4,34.0,33.5
3/24/2022,8:29:45 PM,31.9,29.4,34.4,33.7
3/24/2022,8:30:30 PM,31.4,29.4,34.1,34.3
3/24/2022,8:31:15 PM,32.3,29.4,34.4,34.4
3/24/2022,8:32:00 PM,31.7,29.5,34.8,34.1
3/24/2022,8:32:45 PM,32.3,29.5,34.8,34.3
3/24/2022,8:33:30 PM,31.7,29.5,35.1,34.9
3/24/2022,8:34:15 PM,32.6,29.5,35.0,35.1
3/24/2022,8:35:00 PM,32.1,29.5,35.3,34.5
3/24/2022,8:35:45 PM,32.9,29.5,35.5,34.9
3/24/2022,8:36:30 PM,32.6,29.6,35.4,34.7
3/24/2022,8:37:15 PM,33.0,29.6,36.0,34.9
3/24/2022,8:38:00 PM,33.0,29.6,35.8,35.6
3/24/2022,8:38:44 PM,33.3,29.6,36.1,35.4
3/24/2022,8:39:29 PM,33.2,29.6,36.1,35.1
3/24/2022,8:40:14 PM,33.3,29.6,36.0,35.7
3/24/2022,8:40:59 PM,33.4,29.7,36.4,35.9
3/24/2022,8:41:44 PM,32.9,29.7,36.3,35.8
3/24/2022,8:42:29 PM,33.6,29.7,36.3,35.7
3/24/2022,8:43:14 PM,33.9,29.7,36.7,35.4
3/24/2022,8:43:59 PM,33.3,29.7,36.5,35.4
3/24/2022,8:44:44 PM,33.3,29.7,36.9,35.5
3/24/2022,8:45:29 PM,33.9,29.7,36.9,36.1
3/24/2022,8:46:14 PM,34.3,29.7,36.6,36.2
3/24/2022,8:46:59 PM,34.3,29.7,36.6,35.8
3/24/2022,8:47:44 PM,34.3,29.7,36.9,36.4
3/24/2022,8:48:29 PM,33.9,29.7,37.4,35.9
3/24/2022,8:49:14 PM,34.2,29.7,36.9,36.5
3/24/2022,8:49:59 PM,34.7,29.7,37.2,36.0
3/24/2022,8:50:44 PM,33.9,29.7,37.3,35.9
3/24/2022,8:51:29 PM,34.6,29.7,37.4,36.6
3/24/2022,8:52:14 PM,34.6,29.6,37.3,36.1
3/24/2022,8:52:59 PM,34.8,29.6,37.8,36.5
3/24/2022,8:53:44 PM,34.2,29.6,37.6,36.4
3/24/2022,8:54:29 PM,34.9,29.7,37.8,37.0
3/24/2022,8:55:14 PM,34.4,29.6,37.9,36.3
3/24/2022,8:55:59 PM,34.4,29.6,37.9,36.2
3/24/2022,8:56:44 PM,34.6,29.6,37.6,36.3
3/24/2022,8:57:29 PM,34.5,29.6,37.7,37.2
3/24/2022,8:58:14 PM,35.2,29.6,37.8,36.4
3/24/2022,8:58:59 PM,34.7,29.6,38.4,37.2
3/24/2022,8:59:44 PM,34.9,29.6,38.1,36.6
3/24/2022,9:00:29 PM,35.4,29.6,38.3,36.8
3/24/2022,9:01:14 PM,35.5,29.6,38.4,37.2
3/24/2022,9:01:59 PM,35.2,29.6,38.8,37.3
3/24/2022,9:02:44 PM,35.2,29.6,38.3,36.7
3/24/2022,9:03:29 PM,35.8,29.6,38.6,37.4
3/24/2022,9:04:14 PM,36.0,29.6,38.7,37.5
3/24/2022,9:04:59 PM,35.3,29.5,39.0,36.9
3/24/2022,9:05:44 PM,35.8,29.6,38.9,37.2
3/24/2022,9:06:29 PM,35.9,29.5,38.8,37.6
3/24/2022,9:07:14 PM,35.6,29.6,38.8,37.8
3/24/2022,9:07:59 PM,35.6,29.6,38.6,37.9
3/24/2022,9:08:44 PM,35.6,29.6,39.3,37.9
3/24/2022,9:09:29 PM,35.5,29.6,39.1,37.8
3/24/2022,9:10:14 PM,35.6,29.6,39.1,37.3
3/24/2022,9:10:59 PM,36.3,29.6,39.0,37.9
3/24/2022,9:11:44 PM,36.5,29.6,39.2,37.9
3/24/2022,9:12:29 PM,36.5,29.6,39.2,37.5
3/24/2022,9:13:14 PM,36.5,29.6,39.7,38.0
3/24/2022,9:13:59 PM,36.7,29.6,39.7,37.6
3/24/2022,9:14:44 PM,36.9,29.6,39.5,37.4
3/24/2022,9:15:29 PM,36.2,29.6,39.5,37.7
3/24/2022,9:16:14 PM,36.9,29.6,39.6,38.0
3/24/2022,9:16:59 PM,37.0,29.6,39.7,37.9
3/24/2022,9:17:44 PM,36.3,29.6,39.5,37.8
3/24/2022,9:18:29 PM,36.9,29.6,40.1,38.1
3/24/2022,9:19:14 PM,36.3,29.6,39.6,38.4
3/24/2022,9:19:59 PM,36.5,29.5,39.8,37.8
3/24/2022,9:20:44 PM,36.6,29.5,40.0,38.1
3/24/2022,9:21:29 PM,37.2,29.5,40.3,38.6
3/24/2022,9:22:14 PM,37.0,29.5,40.0,37.9
3/24/2022,9:22:59 PM,37.3,29.5,39.9,38.1
3/24/2022,9:23:44 PM,37.3,29.5,40.0,38.0
3/24/2022,9:24:29 PM,37.4,29.5,40.4,38.5
3/24/2022,9:25:14 PM,37.0,29.5,40.3,38.8
3/24/2022,9:25:59 PM,37.4,29.5,40.3,38.5
3/24/2022,9:26:44 PM,37.7,29.5,40.7,38.1
3/24/2022,9:27:29 PM,37.1,29.5,40.6,38.8
3/24/2022,9:28:14 PM,37.2,29.5,40.6,38.2
3/24/2022,9:28:59 PM,37.6,29.5,40.6,38.9
3/24/2022,9:29:44 PM,38.1,29.5,40.6,38.3
3/24/2022,9:30:29 PM,37.6,29.5,41.0,38.4
3/24/2022,9:31:14 PM,38.1,29.5,40.8,38.4
3/24/2022,9:31:59 PM,37.6,29.5,40.9,38.9
3/24/2022,9:32:44 PM,38.4,29.5,41.1,39.0
3/24/2022,9:33:29 PM,38.4,29.5,40.9,38.8
3/24/2022,9:34:14 PM,37.9,29.5,40.7,39.0
3/24/2022,9:34:58 PM,38.5,29.5,40.7,38.7
3/24/2022,9:35:43 PM,37.9,29.5,41.0,39.2
3/24/2022,9:36:28 PM,38.7,29.5,40.8,38.8
3/24/2022,9:37:13 PM,38.2,29.5,41.0,38.7
3/24/2022,9:37:58 PM,38.7,29.5,41.3,39.3
3/24/2022,9:38:43 PM,38.6,29.5,41.4,38.7
3/24/2022,9:39:28 PM,38.7,29.5,41.1,39.5
3/24/2022,9:40:13 PM,38.2,29.5,41.7,38.8
3/24/2022,9:40:58 PM,38.7,29.5,41.8,38.9
3/24/2022,9:41:43 PM,38.9,29.5,41.7,39.1
3/24/2022,9:42:28 PM,39.0,29.5,41.3,39.1
3/24/2022,9:43:13 PM,39.1,29.5,41.8,39.5
3/24/2022,9:43:58 PM,38.7,29.5,42.0,38.9
3/24/2022,9:44:43 PM,38.7,29.5,41.9,39.4
3/24/2022,9:45:28 PM,38.7,29.5,41.9,39.7
3/24/2022,9:46:13 PM,39.4,29.5,41.5,39.1
3/24/2022,9:46:58 PM,39.5,29.5,42.0,39.1
3/24/2022,9:47:43 PM,38.8,29.5,41.6,39.7
3/24/2022,9:48:28 PM,39.5,29.5,41.7,39.9
3/24/2022,9:49:13 PM,39.5,29.5,42.3,39.8
3/24/2022,9:49:58 PM,39.5,29.5,42.3,39.9
3/24/2022,9:50:43 PM,39.0,29.5,42.0,40.0
3/24/2022,9:51:28 PM,39.0,29.5,42.2,39.2
3/24/2022,9:52:13 PM,39.1,29.5,42.4,39.3
3/24/2022,9:52:58 PM,39.7,29.5,42.6,39.6
3/24/2022,9:53:43 PM,39.4,29.5,42.3,40.1
3/24/2022,9:54:28 PM,39.2,29.5,42.0,40.0
3/24/2022,9:55:13 PM,39.9,29.5,42.7,39.5
3/24/2022,9:55:58 PM,39.4,29.5,42.4,39.9
3/24/2022,9:56:43 PM,39.3,29.5,42.6,40.0
3/24/2022,9:57:28 PM,40.1,29.5,42.5,39.7
3/24/2022,9:58:13 PM,40.1,29.5,42.7,40.3
3/24/2022,9:58:58 PM,39.5,29.5,42.5,40.0
3/24/2022,9:59:43 PM,39.6,29.5,42.3,40.2
3/24/2022,10:00:28 PM,39.7,29.5,42.3,39.9
3/24/2022,10:01:13 PM,40.4,29.5,42.3,40.1
3/24/2022,10:01:58 PM,39.9,29.5,42.7,40.4
3/24/2022,10:02:43 PM,40.1,29.5,42.9,40.4
3/24/2022,10:03:28 PM,40.4,29.5,42.9,40.7
3/24/2022,10:04:13 PM,39.9,29.5,42.9,40.6
3/24/2022,10:04:58 PM,40.4,29.5,43.0,40.1
3/24/2022,10:05:43 PM,40.7,29.5,43.4,40.7
3/24/2022,10:06:28 PM,40.8,29.5,43.0,40.0
3/24/2022,10:07:13 PM,40.4,29.5,42.9,40.1
3/24/2022,10:07:58 PM,40.2,29.5,43.4,40.8
3/24/2022,10:08:43 PM,40.5,29.5,42.8,40.1
3/24/2022,10:09:28 PM,41.0,29.5,43.2,40.7
3/24/2022,10:10:13 PM,40.4,29.5,43.3,40.9
3/24/2022,10:10:58 PM,40.6,29.5,43.3,40.2
3/24/2022,10:11:43 PM,41.2,29.5,43.2,40.8
3/24/2022,10:12:28 PM,41.1,29.5,43.8,40.3
3/24/2022,10:13:13 PM,40.7,29.5,43.1,41.1
3/24/2022,10:13:58 PM,41.4,29.5,43.7,40.7
3/24/2022,10:14:43 PM,40.7,29.5,43.6,40.9
3/24/2022,10:15:28 PM,40.9,29.5,43.6,41.1
3/24/2022,10:16:13 PM,40.9,29.5,43.4,40.5
3/24/2022,10:16:58 PM,41.4,29.5,43.8,41.2
3/24/2022,10:17:43 PM,41.0,29.5,43.6,40.8
3/24/2022,10:18:28 PM,41.6,29.5,43.8,40.5
3/24/2022,10:19:13 PM,41.6,29.5,43.9,41.3
3/24/2022,10:19:58 PM,41.0,29.5,44.0,40.6
3/24/2022,10:20:43 PM,41.4,29.5,43.5,41.4
3/24/2022,10:21:28 PM,41.7,29.5,43.7,41.4
3/24/2022,10:22:13 PM,41.9,29.5,44.2,40.9
3/24/2022,10:22:58 PM,41.1,29.5,43.6,41.1
3/24/2022,10:23:43 PM,42.1,29.5,43.7,41.0
3/24/2022,10:24:28 PM,41.5,29.4,43.8,41.5
3/24/2022,10:25:13 PM,41.5,29.5,43.7,41.0
3/24/2022,10:25:58 PM,42.1,29.5,43.8,41.3
3/24/2022,10:26:43 PM,41.6,29.5,44.3,40.9
3/24/2022,10:27:28 PM,42.3,29.5,44.4,41.1
3/24/2022,10:28:13 PM,42.3,29.4,44.5,41.2
3/24/2022,10:28:58 PM,42.4,29.5,44.0,41.7
3/24/2022,10:29:43 PM,42.6,29.4,44.4,41.8
3/24/2022,10:30:28 PM,41.8,29.4,44.0,41.1
3/24/2022,10:31:12 PM,42.4,29.4,44.1,41.1
3/24/2022,10:31:57 PM,41.9,29.4,44.6,41.2
3/24/2022,10:32:42 PM,41.9,29.5,44.5,41.3
3/24/2022,10:33:27 PM,42.6,29.4,44.5,41.7
3/24/2022,10:34:12 PM,42.6,29.4,44.5,41.4
3/24/2022,10:34:57 PM,42.7,29.4,44.5,41.8
3/24/2022,10:35:42 PM,42.7,29.4,44.5,42.1
3/24/2022,10:36:27 PM,42.9,29.4,44.8,42.0
3/24/2022,10:37:12 PM,42.9,29.4,44.6,41.7
3/24/2022,10:37:57 PM,42.5,29.4,44.7,41.8
3/24/2022,10:38:42 PM,42.8,29.4,44.5,41.7
3/24/2022,10:39:27 PM,42.3,29.4,44.9,42.2
3/24/2022,10:40:12 PM,42.3,29.4,44.5,41.7
3/24/2022,10:40:57 PM,43.1,29.4,45.2,42.0
3/24/2022,10:41:42 PM,42.5,29.4,45.2,42.1
3/24/2022,10:42:27 PM,42.7,29.4,44.6,41.5
3/24/2022,10:43:12 PM,42.5,29.4,44.6,42.1
3/24/2022,10:43:57 PM,42.7,29.4,45.3,41.5
3/24/2022,10:44:42 PM,43.2,29.4,45.2,42.3
3/24/2022,10:45:27 PM,42.7,29.5,45.1,41.6
3/24/2022,10:46:12 PM,43.3,29.5,45.1,41.7
3/24/2022,10:46:57 PM,43.3,29.4,45.1,42.5
3/24/2022,10:47:42 PM,43.4,29.4,45.1,41.7
3/24/2022,10:48:27 PM,42.9,29.5,44.9,41.7
3/24/2022,10:49:12 PM,42.8,29.5,45.6,42.5
3/24/2022,10:49:57 PM,43.6,29.5,45.5,41.9
3/24/2022,10:50:42 PM,43.6,29.5,45.0,42.6
3/24/2022,10:51:27 PM,43.0,29.5,45.8,42.6
3/24/2022,10:52:12 PM,43.0,29.5,45.2,42.1
3/24/2022,10:52:57 PM,43.7,29.5,45.2,41.9
3/24/2022,10:53:42 PM,43.2,29.5,45.2,42.2
3/24/2022,10:54:27 PM,43.8,29.5,45.1,42.6
3/24/2022,10:55:12 PM,43.8,29.5,45.2,42.0
3/24/2022,10:55:57 PM,43.6,29.6,45.8,42.3
3/24/2022,10:56:42 PM,43.4,29.6,45.3,41.9
3/24/2022,10:57:27 PM,43.9,29.6,45.8,41.9
3/24/2022,10:58:12 PM,43.3,29.6,45.7,42.2
3/24/2022,10:58:57 PM,43.9,29.6,45.4,42.9
3/24/2022,10:59:42 PM,44.1,29.6,45.4,42.2
3/24/2022,11:00:27 PM,44.2,29.6,46.0,42.7
3/24/2022,11:01:12 PM,44.2,29.7,45.6,42.5
3/24/2022,11:01:57 PM,44.5,29.6,45.7,42.4
3/24/2022,11:02:42 PM,44.2,29.7,45.8,42.4
3/24/2022,11:03:27 PM,43.7,29.7,45.5,43.0
3/24/2022,11:04:12 PM,43.8,29.7,45.5,43.0
3/24/2022,11:04:57 PM,44.5,29.7,45.5,42.5
3/24/2022,11:05:42 PM,43.8,29.7,46.2,43.3
3/24/2022,11:06:27 PM,44.3,29.7,45.7,42.4
3/24/2022,11:07:12 PM,44.4,29.7,46.0,43.0
3/24/2022,11:07:57 PM,43.9,29.7,46.1,43.3
3/24/2022,11:08:42 PM,43.9,29.7,45.9,42.6
3/24/2022,11:09:27 PM,44.2,29.7,46.1,42.5
3/24/2022,11:10:12 PM,43.9,29.7,46.1,42.6
3/24/2022,11:10:57 PM,44.2,29.7,45.9,42.7
3/24/2022,11:11:42 PM,44.6,29.7,45.9,42.7
3/24/2022,11:12:27 PM,44.2,29.7,45.9,43.4
3/24/2022,11:13:12 PM,44.8,29.8,46.6,42.8
3/24/2022,11:13:57 PM,44.7,29.7,46.2,42.8
3/24/2022,11:14:42 PM,44.2,29.7,46.5,43.2
3/24/2022,11:15:27 PM,44.8,29.8,46.5,42.9
3/24/2022,11:16:12 PM,44.9,29.8,46.5,43.0
3/24/2022,11:16:57 PM,44.4,29.8,46.4,43.0
3/24/2022,11:17:42 PM,44.7,29.7,46.4,43.4
3/24/2022,11:18:27 PM,45.2,29.7,46.5,43.0
3/24/2022,11:19:12 PM,45.2,29.8,46.2,43.2
3/24/2022,11:19:57 PM,44.6,29.8,46.9,43.6
3/24/2022,11:20:42 PM,45.2,29.8,46.9,43.7
3/24/2022,11:21:27 PM,44.6,29.8,46.6,43.7
3/24/2022,11:22:12 PM,44.8,29.8,46.6,43.0
3/24/2022,11:22:57 PM,45.2,29.8,47.0,43.1
3/24/2022,11:23:42 PM,44.7,29.8,46.5,43.1
3/24/2022,11:24:27 PM,45.3,29.8,46.7,43.9
3/24/2022,11:25:12 PM,44.7,29.8,46.4,44.0
3/24/2022,11:25:57 PM,44.9,29.8,46.9,43.3
3/24/2022,11:26:42 PM,44.9,29.8,46.6,43.9
3/24/2022,11:27:26 PM,44.9,29.8,46.5,43.8
3/24/2022,11:28:11 PM,45.3,29.8,46.6,43.9
3/24/2022,11:28:56 PM,45.8,29.8,46.5,43.9
3/24/2022,11:29:41 PM,45.6,29.8,46.9,43.4
3/24/2022,11:30:26 PM,45.6,29.8,47.0,43.4
3/24/2022,11:31:11 PM,45.8,29.8,46.7,44.0
3/24/2022,11:31:56 PM,45.9,29.8,46.9,44.0
3/24/2022,11:32:41 PM,45.1,29.8,46.9,44.1
3/24/2022,11:33:26 PM,45.1,29.8,47.4,44.2
3/24/2022,11:34:11 PM,45.9,29.8,47.0,44.2
3/24/2022,11:34:56 PM,45.9,29.8,47.5,44.3
3/24/2022,11:35:41 PM,45.3,29.8,47.1,43.8
3/24/2022,11:36:26 PM,46.1,29.8,47.2,43.5
3/24/2022,11:37:11 PM,45.5,29.8,47.6,43.8
3/24/2022,11:37:56 PM,46.1,29.8,47.4,43.7
3/24/2022,11:38:41 PM,45.5,29.8,47.4,44.4
3/24/2022,11:39:26 PM,46.3,29.8,47.3,43.6
3/24/2022,11:40:11 PM,46.0,29.8,47.2,44.5
3/24/2022,11:40:56 PM,46.1,29.8,47.6,43.7
3/24/2022,11:41:41 PM,45.7,29.8,47.2,44.0
3/24/2022,11:42:26 PM,45.4,29.8,47.1,44.0
3/24/2022,11:43:11 PM,46.3,29.8,47.2,43.7
3/24/2022,11:43:56 PM,45.7,29.8,47.6,44.4
3/24/2022,11:44:41 PM,46.4,29.9,47.9,43.9
3/24/2022,11:45:26 PM,45.8,29.8,47.6,43.9
3/24/2022,11:46:11 PM,45.8,29.9,47.6,44.8
3/24/2022,11:46:56 PM,45.8,29.9,47.6,44.3
3/24/2022,11:47:41 PM,45.8,29.8,47.7,44.6
3/24/2022,11:48:26 PM,45.8,29.9,47.6,44.2
3/24/2022,11:49:11 PM,46.6,29.9,47.6,44.7
3/24/2022,11:49:56 PM,46.5,29.9,47.5,44.0
3/24/2022,11:50:41 PM,45.8,29.9,47.4,44.1
3/24/2022,11:51:26 PM,46.2,29.8,47.9,44.1
3/24/2022,11:52:11 PM,46.1,29.9,47.7,44.1
3/24/2022,11:52:56 PM,46.8,29.9,47.8,44.6
3/24/2022,11:53:41 PM,46.1,29.9,47.5,44.4
3/24/2022,11:54:26 PM,46.2,29.8,47.6,44.8
3/24/2022,11:55:11 PM,46.3,29.9,47.6,44.3
3/24/2022,11:55:56 PM,46.2,29.9,47.8,44.7
3/24/2022,11:56:41 PM,46.2,29.9,47.9,44.3
3/24/2022,11:57:26 PM,46.6,29.9,47.9,44.7
3/24/2022,11:58:11 PM,47.0,29.9,48.2,44.4
3/24/2022,11:58:56 PM,46.4,29.9,47.8,45.2
3/24/2022,11:59:41 PM,46.4,29.9,48.1,45.1
3/25/2022,12:00:26 AM,46.4,29.9,48.1,44.6
3/25/2022,12:01:11 AM,46.4,29.9,48.4,45.1
3/25/2022,12:01:56 AM,46.4,29.9,48.4,45.1
3/25/2022,12:02:41 AM,46.4,29.9,47.9,45.0
3/25/2022,12:03:26 AM,46.9,29.9,47.9,44.8
3/25/2022,12:04:11 AM,47.3,29.8,47.9,44.8
3/25/2022,12:04:56 AM,46.6,29.9,48.0,45.4
3/25/2022,12:05:41 AM,47.2,29.9,48.0,45.2
3/25/2022,12:06:26 AM,47.3,29.9,48.3,44.8
3/25/2022,12:07:11 AM,46.6,29.9,48.5,45.5
3/25/2022,12:07:56 AM,47.4,29.9,48.5,45.5
3/25/2022,12:08:41 AM,47.0,29.8,48.6,45.4
3/25/2022,12:09:26 AM,47.2,29.9,48.1,45.1
3/25/2022,12:10:11 AM,47.4,29.9,48.6,45.4
3/25/2022,12:10:56 AM,47.4,29.9,48.3,45.6
3/25/2022,12:11:41 AM,47.5,29.9,48.3,45.7
3/25/2022,12:12:26 AM,47.4,29.9,48.7,45.0
3/25/2022,12:13:11 AM,47.7,29.9,48.1,45.7
3/25/2022,12:13:56 AM,47.5,29.9,48.4,45.6
3/25/2022,12:14:41 AM,46.9,29.9,48.6,45.1
3/25/2022,12:15:26 AM,47.0,29.9,48.5,45.9
3/25/2022,12:16:11 AM,47.6,29.9,48.2,45.8
3/25/2022,12:16:56 AM,47.0,29.9,48.4,45.8
3/25/2022,12:17:41 AM,47.8,29.9,48.9,45.3
3/25/2022,12:18:26 AM,47.3,29.9,48.4,45.4
3/25/2022,12:19:11 AM,47.8,29.8,48.8,46.0
3/25/2022,12:19:56 AM,47.9,29.9,48.7,45.5
3/25/2022,12:20:41 AM,47.2,29.9,48.6,45.8
3/25/2022,12:21:26 AM,47.2,29.9,48.5,46.0
3/25/2022,12:22:11 AM,47.2,29.9,48.5,46.2
3/25/2022,12:22:56 AM,47.9,29.9,49.0,45.9
3/25/2022,12:23:40 AM,47.3,29.9,49.2,45.9
3/25/2022,12:24:25 AM,47.4,29.9,48.6,46.0
3/25/2022,12:25:10 AM,47.2,29.9,49.2,46.1
3/25/2022,12:25:55 AM,48.0,29.9,49.2,46.1
3/25/2022,12:26:40 AM,47.4,29.8,48.8,45.5
3/25/2022,12:27:25 AM,47.4,29.9,49.2,46.1
3/25/2022,12:28:10 AM,48.1,29.9,48.7,46.2
3/25/2022,12:28:55 AM,47.6,29.9,49.4,46.5
3/25/2022,12:29:40 AM,47.5,29.8,49.2,45.6
3/25/2022,12:30:25 AM,47.6,29.9,49.2,46.1
3/25/2022,12:31:10 AM,48.0,29.9,49.1,45.8
3/25/2022,12:31:55 AM,48.4,29.9,49.3,45.9
3/25/2022,12:32:40 AM,48.3,29.9,49.3,46.1
3/25/2022,12:33:25 AM,48.4,29.9,48.8,46.4
3/25/2022,12:34:10 AM,48.5,29.9,49.4,45.9
3/25/2022,12:34:55 AM,48.4,29.9,49.3,46.5
3/25/2022,12:35:40 AM,47.9,29.9,49.1,45.9
3/25/2022,12:36:25 AM,47.7,29.9,49.2,46.6
3/25/2022,12:37:10 AM,47.8,29.9,49.3,46.4
3/25/2022,12:37:55 AM,47.9,29.9,49.3,46.0
3/25/2022,12:38:40 AM,47.8,29.9,49.3,46.6
3/25/2022,12:39:25 AM,47.9,29.9,49.0,46.0
3/25/2022,12:40:10 AM,48.5,29.9,49.0,46.7
3/25/2022,12:40:55 AM,47.9,29.9,49.1,46.1
3/25/2022,12:41:40 AM,48.1,29.8,49.1,46.8
3/25/2022,12:42:25 AM,48.7,29.9,49.4,46.9
3/25/2022,12:43:10 AM,48.7,29.9,49.4,46.1
3/25/2022,12:43:55 AM,48.1,29.8,49.5,46.1
3/25/2022,12:44:40 AM,48.0,29.9,49.7,46.1
3/25/2022,12:45:25 AM,48.8,29.9,49.6,46.2
3/25/2022,12:46:10 AM,48.1,29.9,49.8,46.2
3/25/2022,12:46:55 AM,48.7,29.9,49.7,47.1
3/25/2022,12:47:40 AM,48.9,29.9,49.8,46.2
3/25/2022,12:48:25 AM,48.8,29.8,49.7,47.1
3/25/2022,12:49:10 AM,48.9,29.9,49.2,46.4
3/25/2022,12:49:55 AM,48.1,29.9,49.5,46.2
3/25/2022,12:50:40 AM,48.9,29.9,49.7,46.5
3/25/2022,12:51:25 AM,48.2,29.9,49.4,47.0
3/25/2022,12:52:10 AM,48.1,29.9,49.6,46.5
3/25/2022,12:52:55 AM,48.9,29.9,49.7,46.5
3/25/2022,12:53:40 AM,48.4,29.9,49.8,46.5
3/25/2022,12:54:25 AM,48.9,29.9,50.0,46.5
3/25/2022,12:55:10 AM,48.4,29.9,49.7,47.1
3/25/2022,12:55:55 AM,48.6,29.9,49.9,47.2
3/25/2022,12:56:40 AM,48.4,29.9,49.8,46.5
3/25/2022,12:57:25 AM,49.1,29.9,49.8,47.2
3/25/2022,12:58:10 AM,48.6,29.9,49.9,46.9
3/25/2022,12:58:55 AM,48.6,29.9,49.9,47.4
3/25/2022,12:59:40 AM,48.5,29.9,49.9,46.9
3/25/2022,1:00:25 AM,48.5,29.9,49.9,46.7
3/25/2022,1:01:10 AM,48.7,29.9,49.9,47.4
3/25/2022,1:01:55 AM,49.2,29.9,49.9,46.9
3/25/2022,1:02:40 AM,49.2,29.9,49.7,47.0
3/25/2022,1:03:25 AM,48.6,29.9,49.7,46.8
3/25/2022,1:04:10 AM,49.4,29.9,50.2,47.5
3/25/2022,1:04:55 AM,49.1,29.9,50.2,46.8
3/25/2022,1:05:40 AM,48.8,29.9,50.3,46.8
3/25/2022,1:06:25 AM,48.8,29.9,50.1,47.4
3/25/2022,1:07:10 AM,48.6,29.9,50.1,47.6
3/25/2022,1:07:55 AM,48.6,29.9,50.0,47.4
3/25/2022,1:08:40 AM,48.9,29.8,49.8,46.7
3/25/2022,1:09:25 AM,49.4,29.8,50.2,47.5
3/25/2022,1:10:10 AM,49.4,29.8,49.8,47.6
3/25/2022,1:10:55 AM,48.9,29.8,50.1,47.5
3/25/2022,1:11:40 AM,48.8,29.8,50.2,46.9
3/25/2022,1:12:25 AM,49.4,29.8,50.4,47.0
3/25/2022,1:13:10 AM,49.2,29.8,49.9,47.6
3/25/2022,1:13:55 AM,49.1,29.8,50.0,47.5
3/25/2022,1:14:40 AM,49.5,29.8,50.6,47.2
3/25/2022,1:15:25 AM,48.9,29.8,50.6,47.0
3/25/2022,1:16:10 AM,49.5,29.8,49.9,47.1
3/25/2022,1:16:55 AM,49.0,29.7,50.4,47.4
3/25/2022,1:17:40 AM,49.8,29.7,50.7,47.0
3/25/2022,1:18:25 AM,49.1,29.7,50.3,47.5
3/25/2022,1:19:10 AM,49.5,29.7,50.6,47.8
3/25/2022,1:19:54 AM,49.6,29.7,50.4,47.1
3/25/2022,1:20:39 AM,49.7,29.7,50.6,47.8
3/25/2022,1:21:24 AM,49.2,29.7,50.6,47.1
3/25/2022,1:22:09 AM,49.2,29.6,50.6,47.9
3/25/2022,1:22:54 AM,49.6,29.7,50.7,47.9
3/25/2022,1:23:39 AM,49.2,29.6,50.8,47.1
3/25/2022,1:24:24 AM,49.9,29.6,50.8,47.1
3/25/2022,1:25:09 AM,49.2,29.6,50.2,47.2
3/25/2022,1:25:54 AM,49.9,29.6,50.8,47.3
3/25/2022,1:26:39 AM,50.0,29.6,50.5,48.0
3/25/2022,1:27:24 AM,49.5,29.6,50.4,47.8
3/25/2022,1:28:09 AM,50.0,29.6,50.8,47.5
3/25/2022,1:28:54 AM,49.9,29.5,50.8,47.9
3/25/2022,1:29:39 AM,50.2,29.6,50.5,47.7
3/25/2022,1:30:24 AM,50.0,29.5,50.5,48.0
3/25/2022,1:31:09 AM,49.5,29.5,50.5,47.9
3/25/2022,1:31:54 AM,50.2,29.5,50.5,47.8
3/25/2022,1:32:39 AM,49.5,29.5,50.5,47.4
3/25/2022,1:33:24 AM,50.2,29.5,50.7,47.4
3/25/2022,1:34:09 AM,50.2,29.5,50.5,47.9
3/25/2022,1:34:54 AM,50.1,29.5,50.6,47.2
3/25/2022,1:35:39 AM,50.2,29.5,51.0,47.7
3/25/2022,1:36:24 AM,50.0,29.5,51.0,47.9
3/25/2022,1:37:09 AM,49.4,29.4,50.4,48.0
3/25/2022,1:37:54 AM,49.4,29.5,50.5,48.0
3/25/2022,1:38:39 AM,50.2,29.5,50.5,48.1
3/25/2022,1:39:24 AM,50.0,29.4,50.6,47.4
3/25/2022,1:40:09 AM,49.5,29.4,50.5,47.3
3/25/2022,1:40:54 AM,49.4,29.4,51.2,47.9
3/25/2022,1:41:39 AM,49.5,29.5,51.2,47.3
3/25/2022,1:42:24 AM,50.2,29.5,51.2,48.0
3/25/2022,1:43:09 AM,49.8,29.4,51.2,48.1
3/25/2022,1:43:54 AM,49.6,29.5,50.9,47.6
3/25/2022,1:44:39 AM,50.0,29.4,51.3,48.1
3/25/2022,1:45:24 AM,50.2,29.5,50.6,47.8
3/25/2022,1:46:09 AM,49.6,29.4,50.6,48.2
3/25/2022,1:46:54 AM,49.7,29.4,50.6,48.1
3/25/2022,1:47:39 AM,49.7,29.4,51.0,48.2
3/25/2022,1:48:24 AM,49.9,29.4,51.0,47.8
3/25/2022,1:49:09 AM,49.8,29.4,51.0,47.7
3/25/2022,1:49:54 AM,49.9,29.4,51.1,47.8
3/25/2022,1:50:39 AM,49.7,29.4,51.4,47.7
3/25/2022,1:51:24 AM,50.4,29.4,51.1,47.6
3/25/2022,1:52:09 AM,50.1,29.4,50.7,48.1
3/25/2022,1:52:54 AM,50.4,29.4,51.4,48.3
3/25/2022,1:53:39 AM,49.9,29.4,51.1,47.8
3/25/2022,1:54:24 AM,50.5,29.4,51.5,48.1
3/25/2022,1:55:09 AM,50.5,29.4,50.9,48.2
3/25/2022,1:55:54 AM,50.6,29.4,51.4,48.2
3/25/2022,1:56:39 AM,50.5,29.4,51.2,48.4
3/25/2022,1:57:24 AM,49.9,29.4,51.2,47.8
3/25/2022,1:58:09 AM,49.9,29.4,51.1,48.2
3/25/2022,1:58:54 AM,50.7,29.4,51.2,47.7
3/25/2022,1:59:39 AM,50.0,29.4,50.9,48.1
3/25/2022,2:00:24 AM,49.9,29.4,51.2,47.7
3/25/2022,2:01:09 AM,50.0,29.4,51.1,48.4
3/25/2022,2:01:54 AM,50.7,29.3,51.2,48.1
3/25/2022,2:02:39 AM,50.7,29.4,50.9,48.4
3/25/2022,2:03:24 AM,50.6,29.4,51.2,48.4
3/25/2022,2:04:09 AM,50.2,29.4,51.6,47.9
3/25/2022,2:04:54 AM,50.6,29.4,51.0,48.4
3/25/2022,2:05:39 AM,50.6,29.4,51.0,48.5
3/25/2022,2:06:24 AM,50.2,29.3,51.1,48.5
3/25/2022,2:07:09 AM,50.1,29.4,51.1,48.7
3/25/2022,2:07:54 AM,50.8,29.3,51.4,48.1
3/25/2022,2:08:39 AM,50.2,29.3,51.1,48.6
3/25/2022,2:09:24 AM,50.1,29.3,51.1,48.7
3/25/2022,2:10:09 AM,50.5,29.3,51.1,48.8
3/25/2022,2:10:54 AM,50.4,29.3,51.2,48.4
3/25/2022,2:11:39 AM,50.9,29.3,51.6,48.7
3/25/2022,2:12:24 AM,50.9,29.3,51.3,48.1
3/25/2022,2:13:09 AM,50.5,29.4,51.2,48.4
3/25/2022,2:13:54 AM,51.0,29.3,51.5,48.2
3/25/2022,2:14:39 AM,50.8,29.3,51.3,48.4
3/25/2022,2:15:24 AM,50.8,29.3,51.9,48.1
3/25/2022,2:16:08 AM,50.8,29.3,51.6,48.1
3/25/2022,2:16:53 AM,50.3,29.3,51.4,49.0
3/25/2022,2:17:38 AM,50.3,29.3,51.9,48.3
3/25/2022,2:18:23 AM,50.9,29.2,51.9,48.5
3/25/2022,2:19:08 AM,50.4,29.2,51.9,48.6
3/25/2022,2:19:53 AM,50.6,29.3,51.9,48.6
3/25/2022,2:20:38 AM,51.1,29.2,51.6,48.9
3/25/2022,2:21:23 AM,50.6,29.2,51.7,48.4
3/25/2022,2:22:08 AM,51.1,29.3,51.9,48.5
3/25/2022,2:22:53 AM,50.6,29.3,51.9,49.0
3/25/2022,2:23:38 AM,51.0,29.2,51.7,48.4
3/25/2022,2:24:23 AM,51.2,29.2,51.9,49.1
3/25/2022,2:25:08 AM,51.2,29.2,51.9,48.9
3/25/2022,2:25:53 AM,51.3,29.2,51.5,48.4
3/25/2022,2:26:38 AM,51.3,29.2,51.7,48.2
3/25/2022,2:27:23 AM,50.7,29.2,51.4,49.1
3/25/2022,2:28:08 AM,50.6,29.2,51.4,48.3
3/25/2022,2:28:53 AM,50.7,29.2,51.7,48.3
3/25/2022,2:29:38 AM,51.4,29.2,51.8,49.1
3/25/2022,2:30:23 AM,50.8,29.2,51.9,48.6
3/25/2022,2:31:08 AM,51.3,29.2,51.9,49.1
3/25/2022,2:31:53 AM,50.8,29.2,51.6,48.4
3/25/2022,2:32:38 AM,50.6,29.2,51.7,48.5
3/25/2022,2:33:23 AM,50.8,29.2,51.5,49.2
3/25/2022,2:34:08 AM,50.8,29.2,51.5,48.9
3/25/2022,2:34:53 AM,51.4,29.2,52.1,49.2
3/25/2022,2:35:38 AM,50.8,29.2,51.6,49.2
3/25/2022,2:36:23 AM,51.2,29.2,52.0,48.5
3/25/2022,2:37:08 AM,51.5,29.2,51.9,48.5
3/25/2022,2:37:53 AM,51.5,29.2,51.9,49.1
3/25/2022,2:38:38 AM,50.9,29.2,51.6,48.8
3/25/2022,2:39:23 AM,51.5,29.2,52.0,49.3
3/25/2022,2:40:08 AM,50.8,29.2,51.7,48.5
3/25/2022,2:40:53 AM,50.8,29.2,51.6,49.3
3/25/2022,2:41:38 AM,50.9,29.2,51.9,48.7
3/25/2022,2:42:23 AM,50.9,29.2,52.0,48.5
3/25/2022,2:43:08 AM,51.3,29.2,51.6,49.2
3/25/2022,2:43:53 AM,50.9,29.2,52.0,48.9
3/25/2022,2:44:38 AM,51.5,29.2,52.0,48.6
3/25/2022,2:45:23 AM,51.5,29.2,52.0,48.9
3/25/2022,2:46:08 AM,50.9,29.2,52.0,48.9
3/25/2022,2:46:53 AM,51.6,29.2,52.0,49.3
3/25/2022,2:47:38 AM,51.6,29.2,52.4,48.9
3/25/2022,2:48:23 AM,51.1,29.2,51.9,49.0
3/25/2022,2:49:08 AM,50.9,29.2,51.7,48.8
3/25/2022,2:49:53 AM,51.1,29.2,52.4,48.8
3/25/2022,2:50:38 AM,50.9,29.2,51.9,49.2
3/25/2022,2:51:23 AM,51.5,29.2,52.4,49.3
3/25/2022,2:52:08 AM,51.8,29.2,51.8,49.0
3/25/2022,2:52:53 AM,51.2,29.2,51.9,48.9
3/25/2022,2:53:38 AM,51.1,29.2,51.8,49.0
3/25/2022,2:54:23 AM,51.7,29.2,52.3,48.9
3/25/2022,2:55:08 AM,51.7,29.2,52.4,48.9
3/25/2022,2:55:53 AM,51.8,29.2,51.8,49.3
3/25/2022,2:56:38 AM,51.7,29.2,52.2,49.6
3/25/2022,2:57:23 AM,51.2,29.2,52.3,49.7
3/25/2022,2:58:08 AM,51.9,29.2,52.4,48.9
3/25/2022,2:58:53 AM,51.1,29.2,51.9,49.7
3/25/2022,2:59:38 AM,51.2,29.2,52.2,49.6
3/25/2022,3:00:23 AM,51.8,29.2,52.3,49.0
3/25/2022,3:01:08 AM,51.8,29.2,52.5,49.1
3/25/2022,3:01:53 AM,51.8,29.2,52.6,49.6
3/25/2022,3:02:38 AM,51.8,29.2,52.3,49.9
3/25/2022,3:03:23 AM,51.8,29.2,51.9,49.5
3/25/2022,3:04:08 AM,51.8,29.2,52.6,49.7
3/25/2022,3:04:53 AM,51.6,29.2,52.1,49.1
3/25/2022,3:05:38 AM,51.9,29.1,52.2,49.2
3/25/2022,3:06:23 AM,51.4,29.1,52.0,49.8
3/25/2022,3:07:08 AM,51.5,29.1,52.6,49.2
3/25/2022,3:07:53 AM,52.0,29.2,52.7,49.2
3/25/2022,3:08:38 AM,52.0,29.1,52.5,50.1
3/25/2022,3:09:23 AM,52.2,29.1,52.3,49.9
3/25/2022,3:10:08 AM,51.4,29.1,52.5,49.4
3/25/2022,3:10:53 AM,51.3,29.1,52.7,49.4
3/25/2022,3:11:38 AM,52.0,29.1,52.7,49.4
3/25/2022,3:12:22 AM,51.3,29.1,52.2,49.9
3/25/2022,3:13:07 AM,51.9,29.1,52.6,49.5
3/25/2022,3:13:52 AM,51.4,29.1,52.2,49.4
3/25/2022,3:14:37 AM,51.6,29.1,52.9,49.9
3/25/2022,3:15:22 AM,52.1,29.1,52.7,50.1
3/25/2022,3:16:07 AM,52.1,29.1,52.8,49.8
3/25/2022,3:16:52 AM,51.5,29.1,52.6,49.4
3/25/2022,3:17:37 AM,52.1,29.1,52.2,49.9
3/25/2022,3:18:22 AM,51.7,29.1,52.7,49.4
3/25/2022,3:19:07 AM,51.8,29.1,52.8,49.6
3/25/2022,3:19:52 AM,51.5,29.1,52.3,49.9
3/25/2022,3:20:37 AM,51.5,29.1,52.5,50.1
3/25/2022,3:21:22 AM,52.2,29.1,52.3,50.2
3/25/2022,3:22:07 AM,52.1,29.1,52.9,49.5
3/25/2022,3:22:52 AM,51.7,29.1,53.0,49.9
3/25/2022,3:23:37 AM,51.9,29.1,52.8,50.0
3/25/2022,3:24:22 AM,51.5,29.1,52.3,49.5
3/25/2022,3:25:07 AM,52.2,29.1,52.8,49.5
3/25/2022,3:25:52 AM,51.7,29.1,52.7,49.6
3/25/2022,3:26:37 AM,52.3,29.1,52.9,50.1
3/25/2022,3:27:22 AM,52.2,29.1,52.5,50.3
3/25/2022,3:28:07 AM,52.2,29.1,52.9,50.2
3/25/2022,3:28:52 AM,52.2,29.1,52.3,49.9
3/25/2022,3:29:37 AM,52.3,29.1,52.4,50.2
3/25/2022,3:30:22 AM,52.2,29.1,52.4,50.2
3/25/2022,3:31:07 AM,51.6,29.1,52.3,49.9
3/25/2022,3:31:52 AM,51.6,29.1,53.0,49.5
3/25/2022,3:32:37 AM,51.7,29.1,52.9,50.3
3/25/2022,3:33:22 AM,51.7,29.1,52.7,50.2
3/25/2022,3:34:07 AM,52.1,29.1,52.7,50.3
3/25/2022,3:34:52 AM,51.8,29.1,52.8,49.7
3/25/2022,3:35:37 AM,52.3,29.1,52.6,49.7
3/25/2022,3:36:22 AM,51.7,29.1,53.1,50.4
3/25/2022,3:37:07 AM,52.3,29.1,52.5,49.8
3/25/2022,3:37:52 AM,51.7,29.1,53.1,49.9
3/25/2022,3:38:37 AM,52.3,29.0,53.1,49.9
3/25/2022,3:39:22 AM,52.4,29.0,53.1,49.8
3/25/2022,3:40:07 AM,52.4,29.1,52.5,50.4
3/25/2022,3:40:52 AM,52.4,29.1,53.0,49.8
3/25/2022,3:41:37 AM,51.8,29.1,52.6,49.9
3/25/2022,3:42:22 AM,52.3,29.1,52.9,50.2
3/25/2022,3:43:07 AM,52.3,29.1,53.2,49.8
3/25/2022,3:43:52 AM,51.8,29.1,52.9,50.6
3/25/2022,3:44:37 AM,52.3,29.1,53.0,50.3
3/25/2022,3:45:22 AM,51.8,29.1,52.9,50.2
3/25/2022,3:46:07 AM,52.0,29.0,52.9,50.4
3/25/2022,3:46:52 AM,52.0,29.1,53.0,50.0
3/25/2022,3:47:37 AM,52.3,29.1,53.0,50.5
3/25/2022,3:48:22 AM,52.5,29.1,53.1,49.9
3/25/2022,3:49:07 AM,52.5,29.1,52.9,50.8
3/25/2022,3:49:52 AM,52.6,29.1,53.0,50.4
3/25/2022,3:50:37 AM,51.8,29.1,52.8,50.0
3/25/2022,3:51:22 AM,51.9,29.1,53.1,50.6
3/25/2022,3:52:07 AM,52.3,29.1,53.0,50.6
3/25/2022,3:52:52 AM,52.1,29.1,53.1,50.0
3/25/2022,3:53:37 AM,52.5,29.1,53.4,50.7
3/25/2022,3:54:22 AM,52.4,29.1,53.4,50.4
3/25/2022,3:55:07 AM,51.8,29.1,53.0,50.1
3/25/2022,3:55:52 AM,52.5,29.1,53.1,50.2
3/25/2022,3:56:37 AM,52.1,29.1,53.0,50.1
3/25/2022,3:57:22 AM,52.0,29.1,53.1,50.1
3/25/2022,3:58:07 AM,51.9,29.1,52.9,50.3
3/25/2022,3:58:52 AM,52.1,29.1,53.3,50.6
3/25/2022,3:59:37 AM,52.1,29.1,53.4,50.1
3/25/2022,4:00:22 AM,52.2,29.1,53.2,50.9
3/25/2022,4:01:07 AM,52.0,29.1,53.2,50.5
3/25/2022,4:01:52 AM,52.7,29.1,53.4,50.2
3/25/2022,4:02:37 AM,52.6,29.1,53.0,50.7
3/25/2022,4:03:22 AM,52.3,29.1,53.0,50.8
3/25/2022,4:04:07 AM,52.7,29.1,53.1,50.7
3/25/2022,4:04:52 AM,52.0,29.1,53.2,50.2
3/25/2022,4:05:37 AM,51.9,29.1,53.4,50.1
3/25/2022,4:06:22 AM,52.3,29.1,53.0,50.9
3/25/2022,4:07:07 AM,52.7,29.1,53.6,50.3
3/25/2022,4:07:52 AM,52.0,29.0,53.3,50.7
3/25/2022,4:08:36 AM,52.4,29.1,53.6,50.6
3/25/2022,4:09:21 AM,52.0,29.1,53.6,50.3
3/25/2022,4:10:06 AM,52.1,29.1,53.1,50.3
3/25/2022,4:10:51 AM,52.6,29.1,53.7,50.7
3/25/2022,4:11:36 AM,52.3,29.1,53.5,50.6
3/25/2022,4:12:21 AM,52.6,29.1,53.1,50.2
3/25/2022,4:13:06 AM,52.3,29.1,53.3,50.4
3/25/2022,4:13:51 AM,52.7,29.1,53.3,50.3
3/25/2022,4:14:36 AM,52.8,29.1,53.7,51.1
3/25/2022,4:15:21 AM,52.2,29.1,53.7,50.5
3/25/2022,4:16:06 AM,52.2,29.1,53.5,50.5
3/25/2022,4:16:51 AM,52.3,29.1,53.7,51.1
3/25/2022,4:17:36 AM,52.3,29.1,53.4,50.8
3/25/2022,4:18:21 AM,52.2,29.1,53.2,51.1
3/25/2022,4:19:06 AM,52.4,29.1,53.3,51.3
3/25/2022,4:19:51 AM,52.8,29.1,53.3,51.0
3/25/2022,4:20:36 AM,52.6,29.1,53.2,50.6
3/25/2022,4:21:21 AM,52.8,29.1,53.2,50.5
3/25/2022,4:22:06 AM,52.2,29.1,53.2,50.5
3/25/2022,4:22:51 AM,52.3,29.1,53.3,50.5
3/25/2022,4:23:36 AM,52.8,29.1,53.4,50.7
3/25/2022,4:24:21 AM,52.3,29.1,53.4,51.2
3/25/2022,4:25:06 AM,52.9,29.1,53.9,50.5
3/25/2022,4:25:51 AM,52.9,29.1,53.9,50.5
3/25/2022,4:26:36 AM,52.3,29.1,53.4,50.5
3/25/2022,4:27:21 AM,52.5,29.1,53.7,51.0
3/25/2022,4:28:06 AM,52.9,29.1,53.9,51.2
3/25/2022,4:28:51 AM,52.3,29.1,53.5,50.5
3/25/2022,4:29:36 AM,52.9,29.2,54.0,51.3
3/25/2022,4:30:21 AM,52.9,29.1,53.3,51.2
3/25/2022,4:31:06 AM,52.9,29.1,53.7,51.2
3/25/2022,4:31:51 AM,52.4,29.1,53.7,50.7
3/25/2022,4:32:36 AM,52.9,29.1,53.7,50.9
3/25/2022,4:33:21 AM,53.1,29.1,53.7,50.7
3/25/2022,4:34:06 AM,52.9,29.1,53.5,51.3
3/25/2022,4:34:51 AM,52.5,29.1,53.4,51.0
3/25/2022,4:35:36 AM,53.1,29.1,54.0,51.0
3/25/2022,4:36:21 AM,52.7,29.1,53.4,51.3
3/25/2022,4:37:06 AM,53.1,29.1,53.4,51.0
3/25/2022,4:37:51 AM,52.5,29.1,53.8,51.2
3/25/2022,4:38:36 AM,52.9,29.1,53.9,50.7
3/25/2022,4:39:21 AM,52.9,29.1,53.6,51.4
3/25/2022,4:40:06 AM,53.0,29.1,53.4,51.1
3/25/2022,4:40:51 AM,52.5,29.2,54.1,50.8
3/25/2022,4:41:36 AM,53.1,29.2,53.7,50.8
3/25/2022,4:42:21 AM,53.1,29.1,53.7,51.3
3/25/2022,4:43:06 AM,53.1,29.1,53.7,51.1
3/25/2022,4:43:51 AM,52.6,29.1,53.8,51.5
3/25/2022,4:44:36 AM,52.4,29.2,53.9,51.0
3/25/2022,4:45:21 AM,52.6,29.1,53.9,51.4
3/25/2022,4:46:06 AM,53.2,29.1,54.1,50.9
3/25/2022,4:46:51 AM,53.2,29.1,53.7,50.9
3/25/2022,4:47:36 AM,53.3,29.1,53.5,51.5
3/25/2022,4:48:21 AM,53.3,29.1,53.5,50.8
3/25/2022,4:49:06 AM,52.7,29.2,53.7,50.8
3/25/2022,4:49:51 AM,53.2,29.1,54.1,50.8
3/25/2022,4:50:36 AM,52.6,29.1,54.1,50.8
3/25/2022,4:51:21 AM,53.2,29.1,53.6,51.5
3/25/2022,4:52:06 AM,53.1,29.1,54.1,51.0
3/25/2022,4:52:51 AM,52.6,29.1,53.9,51.2
3/25/2022,4:53:36 AM,52.5,29.1,54.2,51.5
3/25/2022,4:54:21 AM,53.2,29.1,53.6,51.5
3/25/2022,4:55:06 AM,52.6,29.2,54.1,51.6
3/25/2022,4:55:51 AM,52.7,29.2,54.3,51.3
3/25/2022,4:56:36 AM,52.7,29.1,53.8,51.6
3/25/2022,4:57:21 AM,53.3,29.1,54.3,50.8
3/25/2022,4:58:06 AM,52.9,29.2,53.7,50.9
3/25/2022,4:58:51 AM,52.8,29.1,53.9,51.0
3/25/2022,4:59:36 AM,52.6,29.2,54.0,51.5
3/25/2022,5:00:21 AM,52.6,29.2,54.0,51.4
3/25/2022,5:01:06 AM,53.4,29.1,54.3,51.6
3/25/2022,5:01:51 AM,52.6,29.1,53.7,51.0
3/25/2022,5:02:36 AM,52.9,29.1,54.2,51.6
3/25/2022,5:03:21 AM,52.6,29.1,54.3,51.3
3/25/2022,5:04:06 AM,53.3,29.1,54.1,51.4
3/25/2022,5:04:50 AM,53.3,29.1,54.4,51.6
3/25/2022,5:05:35 AM,52.7,29.1,54.4,51.6
3/25/2022,5:06:20 AM,52.9,29.1,54.4,51.4
3/25/2022,5:07:05 AM,53.3,29.1,54.4,51.7
3/25/2022,5:07:50 AM,52.6,29.1,53.9,51.1
3/25/2022,5:08:35 AM,53.4,29.1,54.3,51.3
3/25/2022,5:09:20 AM,53.2,29.1,54.1,51.2
3/25/2022,5:10:05 AM,52.9,29.1,53.9,51.0
3/25/2022,5:10:50 AM,52.7,29.1,54.4,51.6
3/25/2022,5:11:35 AM,52.9,29.1,54.2,51.6
3/25/2022,5:12:20 AM,53.5,29.1,54.4,51.3
3/25/2022,5:13:05 AM,53.3,29.1,53.9,51.8
3/25/2022,5:13:50 AM,52.7,29.1,54.2,51.1
3/25/2022,5:14:35 AM,53.3,29.1,54.3,51.8
3/25/2022,5:15:20 AM,53.2,29.1,54.3,51.1
3/25/2022,5:16:05 AM,52.7,29.1,54.1,51.4
3/25/2022,5:16:50 AM,52.8,29.1,54.1,51.8
3/25/2022,5:17:35 AM,53.5,29.1,54.1,51.4
3/25/2022,5:18:20 AM,52.9,29.1,54.4,51.5
3/25/2022,5:19:05 AM,52.7,29.1,54.1,51.3
3/25/2022,5:19:50 AM,53.1,29.1,54.1,51.3
3/25/2022,5:20:35 AM,53.0,29.1,54.1,51.1
3/25/2022,5:21:20 AM,52.8,29.1,54.1,51.8
3/25/2022,5:22:05 AM,52.9,29.1,54.4,51.5
3/25/2022,5:22:50 AM,53.2,29.1,54.4,51.3
3/25/2022,5:23:35 AM,52.8,29.1,54.4,51.2
3/25/2022,5:24:20 AM,52.9,29.1,54.1,51.7
3/25/2022,5:25:05 AM,52.7,29.1,54.6,51.2
3/25/2022,5:25:50 AM,52.8,29.1,54.4,51.2
3/25/2022,5:26:35 AM,52.9,29.1,54.5,51.3
3/25/2022,5:27:20 AM,52.9,29.1,54.4,51.5
3/25/2022,5:28:05 AM,53.5,29.1,54.5,51.7
3/25/2022,5:28:50 AM,53.4,29.1,54.5,51.2
3/25/2022,5:29:35 AM,52.9,29.1,54.6,51.1
3/25/2022,5:30:20 AM,53.0,29.1,54.3,51.8
3/25/2022,5:31:05 AM,53.5,29.1,54.6,51.8
3/25/2022,5:31:50 AM,52.8,29.1,54.6,51.8
3/25/2022,5:32:35 AM,53.4,29.1,54.6,51.5
3/25/2022,5:33:20 AM,53.7,29.1,54.5,51.1
3/25/2022,5:34:05 AM,53.5,29.1,54.8,51.5
3/25/2022,5:34:50 AM,52.9,29.1,54.9,51.6
3/25/2022,5:35:35 AM,53.5,29.1,54.6,51.2
3/25/2022,5:36:20 AM,52.9,29.1,54.4,51.1
3/25/2022,5:37:05 AM,53.4,29.1,54.7,51.3
3/25/2022,5:37:50 AM,53.0,29.1,54.6,51.1
3/25/2022,5:38:35 AM,53.6,29.1,54.4,51.1
3/25/2022,5:39:20 AM,52.9,29.1,54.4,51.3
3/25/2022,5:40:05 AM,53.1,29.1,54.7,51.1
3/25/2022,5:40:50 AM,53.0,29.1,54.7,51.3
3/25/2022,5:41:35 AM,53.0,29.1,54.7,51.4
3/25/2022,5:42:20 AM,53.1,29.1,54.7,51.2
3/25/2022,5:43:05 AM,53.7,29.1,54.8,51.8
3/25/2022,5:43:50 AM,53.6,29.1,54.8,51.2
3/25/2022,5:44:35 AM,53.2,29.1,54.4,51.9
3/25/2022,5:45:20 AM,53.0,29.1,54.7,52.0
3/25/2022,5:46:05 AM,53.1,29.1,54.6,51.8
3/25/2022,5:46:50 AM,53.0,29.1,54.4,51.8
3/25/2022,5:47:35 AM,53.0,29.1,54.7,51.2
3/25/2022,5:48:20 AM,53.7,29.1,55.0,51.6
3/25/2022,5:49:05 AM,53.6,29.1,54.7,51.8
3/25/2022,5:49:50 AM,52.9,29.1,54.7,51.6
3/25/2022,5:50:35 AM,53.4,29.1,54.8,51.3
3/25/2022,5:51:20 AM,53.6,29.1,54.7,51.9
3/25/2022,5:52:05 AM,53.6,29.1,54.7,51.2
3/25/2022,5:52:50 AM,53.6,29.1,54.9,51.5
3/25/2022,5:53:35 AM,53.6,29.1,54.7,52.0
3/25/2022,5:54:20 AM,53.6,29.1,54.8,51.4
3/25/2022,5:55:05 AM,53.0,29.1,54.9,52.0
3/25/2022,5:55:50 AM,53.5,29.1,54.7,51.5
3/25/2022,5:56:35 AM,53.1,29.1,54.6,51.5
3/25/2022,5:57:20 AM,53.2,29.0,55.0,51.4
3/25/2022,5:58:05 AM,53.0,29.1,55.2,51.5
3/25/2022,5:58:50 AM,53.6,29.0,54.7,52.2
3/25/2022,5:59:35 AM,53.6,29.1,54.6,51.8
3/25/2022,6:00:20 AM,53.8,29.1,54.8,51.5
3/25/2022,6:01:04 AM,53.2,29.1,55.2,51.9
3/25/2022,6:01:49 AM,53.0,29.1,55.2,52.1
3/25/2022,6:02:34 AM,53.7,29.0,54.6,51.5
3/25/2022,6:03:19 AM,53.4,29.0,54.8,51.6
3/25/2022,6:04:04 AM,53.7,29.0,54.9,52.1
3/25/2022,6:04:49 AM,53.8,29.0,54.9,51.9
3/25/2022,6:05:34 AM,53.2,29.0,55.3,51.6
3/25/2022,6:06:19 AM,53.0,29.0,55.2,51.6
3/25/2022,6:07:04 AM,53.1,29.0,54.8,52.3
3/25/2022,6:07:49 AM,53.1,29.0,54.7,51.5
3/25/2022,6:08:34 AM,53.1,29.0,55.1,51.4
3/25/2022,6:09:19 AM,53.1,29.1,54.6,52.1
3/25/2022,6:10:04 AM,53.1,29.0,54.8,51.7
3/25/2022,6:10:49 AM,53.7,29.1,54.9,52.1
3/25/2022,6:11:34 AM,53.1,29.1,54.9,51.7
3/25/2022,6:12:19 AM,53.6,29.1,54.9,51.6
3/25/2022,6:13:04 AM,53.0,29.0,54.8,51.8
3/25/2022,6:13:49 AM,53.1,29.1,54.9,51.6
3/25/2022,6:14:34 AM,53.1,29.0,54.9,52.0
3/25/2022,6:15:19 AM,53.7,29.0,54.9,51.9
3/25/2022,6:16:04 AM,53.2,29.1,55.0,51.8
3/25/2022,6:16:49 AM,53.1,29.0,55.0,52.3
3/25/2022,6:17:34 AM,53.1,29.0,55.0,51.7
3/25/2022,6:18:19 AM,53.3,29.0,55.0,51.6
3/25/2022,6:19:04 AM,53.8,29.1,55.2,51.7
3/25/2022,6:19:49 AM,53.2,29.1,55.1,51.6
3/25/2022,6:20:34 AM,53.2,29.1,55.0,51.7
3/25/2022,6:21:19 AM,53.7,29.0,55.1,52.4
3/25/2022,6:22:04 AM,53.7,29.1,55.1,52.2
3/25/2022,6:22:49 AM,53.2,29.1,55.1,52.3
3/25/2022,6:23:34 AM,53.7,29.1,55.1,52.3
3/25/2022,6:24:19 AM,53.2,29.1,55.1,52.5
3/25/2022,6:25:04 AM,53.7,29.1,54.9,52.0
3/25/2022,6:25:49 AM,53.9,29.0,55.4,51.7
3/25/2022,6:26:34 AM,53.2,29.1,55.0,52.4
3/25/2022,6:27:19 AM,53.1,29.0,55.1,51.8
3/25/2022,6:28:04 AM,53.9,29.0,55.1,52.2
3/25/2022,6:28:49 AM,53.3,29.0,55.0,51.9
3/25/2022,6:29:34 AM,53.4,29.1,54.8,52.3
3/25/2022,6:30:19 AM,53.2,29.1,55.3,51.7
3/25/2022,6:31:04 AM,53.2,29.1,55.1,52.0
3/25/2022,6:31:49 AM,54.0,29.1,55.0,51.8
3/25/2022,6:32:34 AM,53.3,29.1,54.9,52.3
3/25/2022,6:33:19 AM,53.3,29.1,55.4,51.6
3/25/2022,6:34:04 AM,53.9,29.1,55.5,51.6
3/25/2022,6:34:49 AM,53.3,29.0,55.3,51.6
3/25/2022,6:35:34 AM,53.4,29.1,55.3,51.8
3/25/2022,6:36:19 AM,54.0,29.1,55.4,52.0
3/25/2022,6:37:04 AM,53.3,29.1,55.2,51.8
3/25/2022,6:37:49 AM,53.3,29.1,55.1,51.9
3/25/2022,6:38:34 AM,53.9,29.1,54.9,52.2
3/25/2022,6:39:19 AM,54.0,29.1,55.4,52.0
3/25/2022,6:40:04 AM,54.0,29.1,55.2,52.2
3/25/2022,6:40:49 AM,53.9,29.1,55.2,52.5
3/25/2022,6:41:34 AM,54.1,29.1,55.2,52.6
3/25/2022,6:42:19 AM,53.5,29.1,55.4,51.9
3/25/2022,6:43:04 AM,54.0,29.1,55.4,52.0
3/25/2022,6:43:49 AM,54.0,29.1,55.2,52.0
3/25/2022,6:44:34 AM,54.1,29.1,55.2,52.5
3/25/2022,6:45:19 AM,53.5,29.1,55.1,52.6
3/25/2022,6:46:04 AM,53.6,29.1,55.3,52.2
3/25/2022,6:46:49 AM,53.6,29.1,55.2,52.3
3/25/2022,6:47:34 AM,54.0,29.1,55.2,51.8
3/25/2022,6:48:19 AM,53.7,29.1,55.2,52.5
3/25/2022,6:49:04 AM,54.3,29.1,55.3,51.9
3/25/2022,6:49:49 AM,54.3,29.1,55.3,52.5
3/25/2022,6:50:34 AM,54.3,29.1,55.1,52.0
3/25/2022,6:51:19 AM,53.5,29.1,55.2,52.5
3/25/2022,6:52:04 AM,54.1,29.1,55.5,52.4
3/25/2022,6:52:49 AM,54.1,29.1,55.4,52.5
3/25/2022,6:53:34 AM,54.3,29.1,54.9,52.5
3/25/2022,6:54:19 AM,54.2,29.1,54.8,52.5
3/25/2022,6:55:04 AM,54.1,29.1,55.5,52.4
3/25/2022,6:55:49 AM,54.2,29.1,54.9,51.9
3/25/2022,6:56:34 AM,54.3,29.1,55.5,52.6
3/25/2022,6:57:18 AM,53.7,29.1,55.5,52.4
3/25/2022,6:58:03 AM,53.8,29.1,55.0,51.9
3/25/2022,6:58:48 AM,54.4,29.1,55.4,52.7
3/25/2022,6:59:33 AM,53.8,29.1,55.4,52.8
3/25/2022,7:00:18 AM,54.5,29.1,55.3,52.9
3/25/2022,7:01:03 AM,54.5,29.1,55.0,52.8
3/25/2022,7:01:48 AM,54.6,29.2,55.0,52.8
3/25/2022,7:02:33 AM,54.0,29.1,55.0,52.5
3/25/2022,7:03:18 AM,54.1,29.1,55.5,52.6
3/25/2022,7:04:03 AM,54.0,29.1,55.7,52.0
3/25/2022,7:04:48 AM,53.9,29.1,55.0,52.6
3/25/2022,7:05:33 AM,54.3,29.1,55.1,52.2
3/25/2022,7:06:18 AM,54.0,29.1,55.7,52.4
3/25/2022,7:07:03 AM,54.6,29.0,55.1,52.7
3/25/2022,7:07:48 AM,54.7,29.0,55.6,52.1
3/25/2022,7:08:33 AM,54.0,29.0,55.7,52.7
3/25/2022,7:09:18 AM,54.2,29.0,55.1,52.8
3/25/2022,7:10:03 AM,54.2,29.0,55.2,52.7
3/25/2022,7:10:48 AM,54.6,28.9,55.5,52.7
3/25/2022,7:11:33 AM,54.3,29.0,55.8,52.9
3/25/2022,7:12:18 AM,54.1,28.9,55.6,52.0
3/25/2022,7:13:03 AM,54.6,28.9,55.2,52.7
3/25/2022,7:13:48 AM,54.1,28.9,55.2,52.2
3/25/2022,7:14:33 AM,54.7,28.9,55.4,52.7
3/25/2022,7:15:18 AM,54.0,28.9,55.8,52.8
3/25/2022,7:16:03 AM,54.7,28.9,55.4,52.0
3/25/2022,7:16:48 AM,54.1,28.9,55.4,52.7
3/25/2022,7:17:33 AM,54.7,28.9,55.5,52.6
3/25/2022,7:18:18 AM,54.9,28.8,55.1,52.4
3/25/2022,7:19:03 AM,54.3,28.8,55.1,52.5
3/25/2022,7:19:48 AM,54.1,28.8,55.2,52.6
3/25/2022,7:20:33 AM,54.1,28.8,55.6,52.1
3/25/2022,7:21:18 AM,54.0,28.8,55.3,52.5
3/25/2022,7:22:03 AM,54.7,28.8,55.3,52.6
3/25/2022,7:22:48 AM,54.8,28.8,55.4,52.1
3/25/2022,7:23:33 AM,54.8,28.8,55.4,52.7
3/25/2022,7:24:18 AM,54.2,28.7,55.1,52.1
3/25/2022,7:25:03 AM,54.1,28.8,55.1,52.7
3/25/2022,7:25:48 AM,54.2,28.7,55.7,52.2
3/25/2022,7:26:33 AM,54.0,28.8,55.1,52.7
3/25/2022,7:27:18 AM,54.2,28.7,55.4,52.4
3/25/2022,7:28:03 AM,54.8,28.8,55.4,52.2
3/25/2022,7:28:48 AM,54.8,28.8,55.5,52.2
3/25/2022,7:29:33 AM,54.4,28.8,55.2,52.6
3/25/2022,7:30:18 AM,54.1,28.7,55.5,52.3
3/25/2022,7:31:03 AM,54.7,28.8,55.7,52.8
3/25/2022,7:31:48 AM,54.2,28.7,55.7,52.1
3/25/2022,7:32:33 AM,54.7,28.7,55.4,52.1
3/25/2022,7:33:18 AM,54.1,28.7,55.4,52.8
3/25/2022,7:34:03 AM,54.7,28.7,55.5,52.5
3/25/2022,7:34:48 AM,54.1,28.7,55.5,52.2
3/25/2022,7:35:33 AM,54.1,28.8,55.8,52.7
3/25/2022,7:36:18 AM,54.2,28.7,55.4,52.2
3/25/2022,7:37:03 AM,54.1,28.7,55.8,52.1
3/25/2022,7:37:48 AM,54.1,28.7,55.6,52.9
3/25/2022,7:38:33 AM,54.3,28.7,55.6,52.9
3/25/2022,7:39:18 AM,54.7,28.7,55.5,52.8
3/25/2022,7:40:03 AM,54.2,28.7,55.9,52.7
3/25/2022,7:40:48 AM,54.2,28.7,55.8,52.8
3/25/2022,7:41:33 AM,54.2,28.7,55.9,52.5
3/25/2022,7:42:18 AM,54.8,28.7,55.8,52.4
3/25/2022,7:43:03 AM,54.2,28.7,55.8,52.2
3/25/2022,7:43:48 AM,54.3,28.7,55.8,52.8
3/25/2022,7:44:33 AM,54.9,28.6,55.5,52.4
3/25/2022,7:45:18 AM,54.8,28.7,55.5,52.2
3/25/2022,7:46:03 AM,54.7,28.7,55.5,52.3
3/25/2022,7:46:48 AM,54.7,28.7,55.4,52.7
3/25/2022,7:47:33 AM,55.0,28.7,55.6,52.7
3/25/2022,7:48:18 AM,54.7,28.7,55.7,52.1
3/25/2022,7:49:03 AM,54.3,28.7,55.5,52.2
3/25/2022,7:49:48 AM,54.3,28.7,55.6,52.7
3/25/2022,7:50:33 AM,54.7,28.7,55.6,52.7
3/25/2022,7:51:18 AM,54.2,28.7,55.6,52.7
3/25/2022,7:52:03 AM,54.3,28.7,55.5,53.0
3/25/2022,7:52:48 AM,54.7,28.7,55.5,53.0
3/25/2022,7:53:33 AM,54.1,28.7,55.2,52.9
3/25/2022,7:54:17 AM,55.0,28.7,55.4,52.3
3/25/2022,7:55:02 AM,54.3,28.7,55.9,52.5
3/25/2022,7:55:47 AM,54.8,28.7,56.0,52.9
3/25/2022,7:56:32 AM,54.9,28.7,55.3,52.4
3/25/2022,7:57:17 AM,54.7,28.8,55.4,52.5
3/25/2022,7:58:02 AM,54.1,28.8,55.4,52.9
3/25/2022,7:58:47 AM,54.6,28.8,55.5,52.1
3/25/2022,7:59:32 AM,54.6,28.8,55.5,52.6
3/25/2022,8:00:17 AM,54.6,28.8,55.8,52.4
3/25/2022,8:01:02 AM,54.0,28.8,55.1,52.3
3/25/2022,8:01:47 AM,54.1,28.8,55.9,52.2
3/25/2022,8:02:32 AM,54.1,28.9,54.4,51.6
3/25/2022,8:03:17 AM,52.2,28.8,53.2,51.0
3/25/2022,8:04:02 AM,51.4,28.9,51.8,49.7
3/25/2022,8:04:47 AM,50.5,28.9,50.6,48.3
3/25/2022,8:05:32 AM,50.4,28.9,50.1,47.6
3/25/2022,8:06:17 AM,42.9,28.8,49.1,46.9
3/25/2022,8:07:02 AM,40.9,28.8,48.3,47.4
3/25/2022,8:07:47 AM,40.2,28.8,43.3,46.5
3/25/2022,8:08:32 AM,39.4,28.8,37.7,40.1
3/25/2022,8:09:17 AM,38.3,28.8,37.9,39.5
3/25/2022,8:10:02 AM,38.3,28.8,36.7,38.1
3/25/2022,8:10:47 AM,37.2,28.8,36.7,38.4
3/25/2022,8:11:32 AM,37.5,28.8,36.4,37.3
3/25/2022,8:12:17 AM,36.3,28.8,35.9,37.4
3/25/2022,8:13:02 AM,36.0,28.9,35.5,37.0
3/25/2022,8:13:47 AM,35.8,28.8,35.2,37.3
3/25/2022,8:14:32 AM,36.0,28.8,35.0,36.4
3/25/2022,8:15:17 AM,35.5,28.9,34.7,36.8
3/25/2022,8:16:02 AM,34.8,28.9,34.6,36.1
3/25/2022,8:16:47 AM,35.2,28.9,34.5,35.7
3/25/2022,8:17:32 AM,34.8,28.9,34.2,35.5
3/25/2022,8:18:17 AM,35.0,28.9,34.1,35.8
3/25/2022,8:19:02 AM,34.1,28.9,33.8,35.5
3/25/2022,8:19:47 AM,34.1,29.0,33.6,35.0
3/25/2022,8:20:32 AM,33.8,29.0,33.2,35.3
3/25/2022,8:21:17 AM,34.1,29.0,33.3,35.2
3/25/2022,8:22:02 AM,34.1,29.0,33.3,34.8
3/25/2022,8:22:47 AM,34.1,29.1,32.4,34.4
3/25/2022,8:23:32 AM,37.8,29.1,34.2,34.3
3/25/2022,8:24:17 AM,42.7,29.1,42.0,33.2
3/25/2022,8:25:02 AM,43.0,29.1,43.2,33.3
3/25/2022,8:25:47 AM,43.1,29.1,44.1,32.6
3/25/2022,8:26:32 AM,43.3,29.2,43.3,32.2
3/25/2022,8:27:17 AM,43.0,29.2,43.5,32.7
3/25/2022,8:28:02 AM,42.8,29.1,43.8,32.3
3/25/2022,8:28:47 AM,43.3,29.2,43.7,32.5
3/25/2022,8:29:32 AM,42.6,29.2,43.3,32.0
3/25/2022,8:30:17 AM,43.2,29.2,43.1,31.7
3/25/2022,8:31:02 AM,42.5,29.2,43.3,32.4
3/25/2022,8:31:47 AM,42.8,29.2,43.1,31.9
3/25/2022,8:32:32 AM,42.1,29.2,43.2,32.1
3/25/2022,8:33:17 AM,42.8,29.2,43.3,31.4
3/25/2022,8:34:02 AM,42.2,29.2,42.7,31.8
3/25/2022,8:34:47 AM,42.0,29.2,43.4,32.0
3/25/2022,8:35:32 AM,42.4,29.3,43.3,31.3
3/25/2022,8:36:17 AM,41.7,29.2,42.7,31.2
3/25/2022,8:37:02 AM,42.4,29.3,42.9,31.3
3/25/2022,8:37:47 AM,41.5,29.3,42.5,31.3
3/25/2022,8:38:32 AM,42.0,29.2,42.2,32.0
3/25/2022,8:39:17 AM,41.5,29.2,42.1,31.7
3/25/2022,8:40:02 AM,41.8,29.3,42.0,31.9
3/25/2022,8:40:47 AM,41.7,29.3,42.2,31.8
3/25/2022,8:41:32 AM,41.4,29.3,42.1,31.2
3/25/2022,8:42:17 AM,41.0,29.3,41.6,31.8
3/25/2022,8:43:02 AM,41.0,29.4,41.4,31.6
3/25/2022,8:43:47 AM,41.4,29.3,42.1,31.8
3/25/2022,8:44:32 AM,41.3,29.3,42.0,31.3
3/25/2022,8:45:17 AM,41.3,29.4,41.9,31.2
3/25/2022,8:46:02 AM,40.6,29.4,41.4,31.2
3/25/2022,8:46:47 AM,41.0,29.4,41.9,31.2
3/25/2022,8:47:32 AM,40.5,29.4,41.9,31.2
3/25/2022,8:48:17 AM,40.3,29.4,41.6,31.8
3/25/2022,8:49:02 AM,40.3,29.5,41.1,32.8
3/25/2022,8:49:47 AM,40.0,29.5,41.3,34.1
3/25/2022,8:50:31 AM,40.6,29.5,41.3,34.5
3/25/2022,8:51:16 AM,39.8,29.5,41.7,34.5
3/25/2022,8:52:01 AM,39.8,29.5,40.9,35.0
3/25/2022,8:52:46 AM,40.3,29.5,40.8,34.7
3/25/2022,8:53:31 AM,39.7,29.6,41.4,34.6
3/25/2022,8:54:16 AM,39.8,29.6,41.1,34.6
3/25/2022,8:55:01 AM,40.3,29.6,41.4,35.3
3/25/2022,8:55:46 AM,39.8,29.6,41.6,34.6
3/25/2022,8:56:31 AM,39.7,29.6,41.8,35.5
3/25/2022,8:57:16 AM,40.3,29.7,41.0,35.3
3/25/2022,8:58:01 AM,39.6,29.7,41.1,34.6
3/25/2022,8:58:46 AM,40.3,29.7,41.7,34.6
3/25/2022,8:59:31 AM,39.6,29.7,41.6,35.4
3/25/2022,9:00:16 AM,40.1,29.8,41.0,35.2
3/25/2022,9:01:01 AM,39.4,29.7,41.1,34.8
3/25/2022,9:01:46 AM,39.3,29.8,41.4,35.2
3/25/2022,9:02:31 AM,39.4,29.8,41.6,35.1
3/25/2022,9:03:16 AM,39.9,29.8,40.8,35.3
3/25/2022,9:04:01 AM,39.4,29.8,40.9,34.9
3/25/2022,9:04:46 AM,39.8,29.9,40.7,34.5
3/25/2022,9:05:31 AM,39.1,29.9,41.2,34.9
3/25/2022,9:06:16 AM,39.2,29.8,41.0,35.0
3/25/2022,9:07:01 AM,39.5,29.9,41.3,35.3
3/25/2022,9:07:46 AM,39.1,29.9,40.9,35.2
3/25/2022,9:08:31 AM,39.1,29.9,40.8,35.2
3/25/2022,9:09:16 AM,39.4,29.9,40.5,34.5
3/25/2022,9:10:01 AM,39.5,29.9,41.2,35.3
3/25/2022,9:10:46 AM,39.6,29.9,41.1,35.1
3/25/2022,9:11:31 AM,39.4,29.9,41.4,35.5
3/25/2022,9:12:16 AM,40.0,29.8,41.6,35.4
3/25/2022,9:13:01 AM,39.8,29.9,41.2,35.8
3/25/2022,9:13:46 AM,40.7,29.9,41.9,36.3
3/25/2022,9:14:31 AM,41.1,29.8,41.6,36.6
3/25/2022,9:15:16 AM,41.1,29.9,42.2,36.7
3/25/2022,9:16:01 AM,41.6,29.8,41.7,36.3
3/25/2022,9:16:46 AM,41.1,29.8,42.3,36.6
3/25/2022,9:17:31 AM,41.4,29.8,41.9,37.1
3/25/2022,9:18:16 AM,42.1,29.8,42.2,37.3
3/25/2022,9:19:01 AM,41.6,29.8,42.7,37.7
3/25/2022,9:19:46 AM,41.8,29.9,42.2,38.2
3/25/2022,9:20:31 AM,42.6,29.8,42.4,38.7
3/25/2022,9:21:16 AM,42.1,29.9,43.0,38.7
3/25/2022,9:22:01 AM,42.8,29.8,43.2,38.9
3/25/2022,9:22:46 AM,43.0,29.9,43.2,39.1
3/25/2022,9:23:31 AM,42.5,29.9,42.7,39.0
3/25/2022,9:24:16 AM,42.7,29.9,43.3,39.8
3/25/2022,9:25:01 AM,43.5,29.9,42.7,39.9
3/25/2022,9:25:46 AM,43.0,29.9,43.3,39.3
3/25/2022,9:26:31 AM,43.6,29.9,43.4,39.6
3/25/2022,9:27:16 AM,43.8,29.9,43.3,40.4
3/25/2022,9:28:01 AM,43.9,29.9,43.6,40.3
3/25/2022,9:28:46 AM,43.9,29.9,43.7,40.1
3/25/2022,9:29:31 AM,44.1,29.9,43.3,40.9
3/25/2022,9:30:16 AM,43.6,29.9,44.1,40.3
3/25/2022,9:31:01 AM,44.3,30.0,44.4,40.9
3/25/2022,9:31:46 AM,44.3,29.9,44.7,41.3
3/25/2022,9:32:31 AM,43.9,29.9,44.3,41.3
3/25/2022,9:33:16 AM,44.6,29.9,44.7,41.6
3/25/2022,9:34:01 AM,44.6,29.9,44.9,41.3
3/25/2022,9:34:46 AM,44.1,29.9,44.9,41.1
3/25/2022,9:35:31 AM,44.6,29.9,44.7,41.7
3/25/2022,9:36:16 AM,44.9,29.9,45.3,41.7
3/25/2022,9:37:01 AM,44.3,29.9,45.1,41.9
3/25/2022,9:37:46 AM,44.9,29.9,45.4,41.7
3/25/2022,9:38:31 AM,44.5,29.9,45.6,41.7
3/25/2022,9:39:16 AM,44.9,29.9,45.2,42.0
3/25/2022,9:40:01 AM,45.1,30.0,45.2,42.9
3/25/2022,9:40:46 AM,44.6,30.0,45.9,42.3
3/25/2022,9:41:31 AM,44.6,30.0,45.4,43.0
3/25/2022,9:42:16 AM,45.4,30.0,45.5,42.3
3/25/2022,9:43:01 AM,44.8,30.0,45.5,43.3
3/25/2022,9:43:46 AM,45.0,30.0,46.2,43.5
3/25/2022,9:44:31 AM,45.6,30.0,46.3,42.7
3/25/2022,9:45:16 AM,44.9,30.0,46.4,42.7
3/25/2022,9:46:00 AM,45.6,30.0,46.4,43.2
3/25/2022,9:46:45 AM,45.4,30.1,45.8,43.9
3/25/2022,9:47:30 AM,45.1,30.0,46.0,43.9
3/25/2022,9:48:15 AM,45.3,30.1,46.1,43.2
3/25/2022,9:49:00 AM,45.7,30.1,46.6,43.8
3/25/2022,9:49:45 AM,45.4,30.1,46.8,44.0
3/25/2022,9:50:30 AM,46.0,30.0,46.2,44.2
3/25/2022,9:51:15 AM,46.1,30.1,46.4,44.3
3/25/2022,9:52:00 AM,45.9,30.1,46.9,44.5
3/25/2022,9:52:45 AM,45.6,30.1,46.7,44.5
3/25/2022,9:53:30 AM,46.2,30.1,46.9,44.6
3/25/2022,9:54:15 AM,45.7,30.1,47.0,43.9
3/25/2022,9:55:00 AM,45.7,30.1,47.2,44.4
3/25/2022,9:55:45 AM,45.8,30.1,46.6,45.0
3/25/2022,9:56:30 AM,46.4,30.1,47.3,45.1
3/25/2022,9:57:15 AM,46.0,30.1,47.2,44.6
3/25/2022,9:58:00 AM,45.9,30.1,47.4,45.2
3/25/2022,9:58:45 AM,46.0,30.1,46.9,44.5
3/25/2022,9:59:30 AM,46.4,30.1,47.2,45.2
3/25/2022,10:00:15 AM,46.1,30.1,47.5,45.1
3/25/2022,10:01:00 AM,46.1,30.1,46.8,45.4
3/25/2022,10:01:45 AM,46.4,30.1,47.6,44.6
3/25/2022,10:02:30 AM,46.7,30.2,47.0,44.9
3/25/2022,10:03:15 AM,46.8,30.2,47.2,45.7
3/25/2022,10:04:00 AM,46.2,30.2,47.8,44.9
3/25/2022,10:04:45 AM,46.9,30.2,47.5,45.2
3/25/2022,10:05:30 AM,47.1,30.3,47.6,45.2
3/25/2022,10:06:15 AM,46.9,30.2,47.9,45.9
3/25/2022,10:07:00 AM,47.2,30.3,47.4,45.3
3/25/2022,10:07:45 AM,47.2,30.3,47.5,46.2
3/25/2022,10:08:30 AM,47.3,30.3,47.8,45.6
3/25/2022,10:09:15 AM,46.7,30.3,47.8,46.0
3/25/2022,10:10:00 AM,46.7,30.3,48.0,45.5
3/25/2022,10:10:45 AM,47.4,30.3,48.3,46.5
3/25/2022,10:11:30 AM,46.8,30.3,48.1,46.1
3/25/2022,10:12:15 AM,47.1,30.3,47.7,45.8
3/25/2022,10:13:00 AM,46.9,30.3,48.1,46.0
3/25/2022,10:13:45 AM,47.0,30.3,48.5,46.6
3/25/2022,10:14:30 AM,47.6,30.3,47.8,46.6
3/25/2022,10:15:15 AM,47.1,30.3,48.2,46.9
3/25/2022,10:16:00 AM,47.6,30.4,48.5,46.2
3/25/2022,10:16:45 AM,47.5,30.3,48.5,46.2
3/25/2022,10:17:30 AM,47.9,30.4,48.7,47.2
3/25/2022,10:18:15 AM,47.8,30.4,48.9,46.4
3/25/2022,10:19:00 AM,47.8,30.4,48.2,46.8
3/25/2022,10:19:45 AM,47.5,30.4,48.8,47.0
3/25/2022,10:20:30 AM,47.4,30.4,48.2,46.5
3/25/2022,10:21:15 AM,48.1,30.4,48.9,46.5
3/25/2022,10:22:00 AM,48.1,30.4,49.0,46.6
3/25/2022,10:22:45 AM,48.1,30.4,48.7,47.3
3/25/2022,10:23:30 AM,47.6,30.4,48.5,47.5
3/25/2022,10:24:15 AM,48.4,30.4,49.1,47.5
3/25/2022,10:25:00 AM,47.6,30.5,48.6,46.9
3/25/2022,10:25:45 AM,47.7,30.5,48.6,47.8
3/25/2022,10:26:30 AM,48.3,30.5,49.1,47.6
3/25/2022,10:27:15 AM,47.8,30.5,48.7,47.6
3/25/2022,10:28:00 AM,48.4,30.5,49.4,47.9
3/25/2022,10:28:45 AM,48.1,30.5,49.3,47.8
3/25/2022,10:29:30 AM,48.5,30.6,48.9,47.5
3/25/2022,10:30:15 AM,48.5,30.5,48.9,47.4
3/25/2022,10:31:00 AM,48.1,30.6,49.2,47.6
3/25/2022,10:31:45 AM,48.0,30.6,49.2,47.5
3/25/2022,10:32:30 AM,48.1,30.6,49.5,48.1
3/25/2022,10:33:15 AM,48.9,30.6,49.0,47.9
3/25/2022,10:34:00 AM,48.4,30.6,49.1,47.6
3/25/2022,10:34:45 AM,48.7,30.6,49.6,47.7
3/25/2022,10:35:30 AM,49.0,30.7,49.3,48.0
3/25/2022,10:36:15 AM,48.9,30.7,49.6,48.2
3/25/2022,10:37:00 AM,48.4,30.7,49.6,48.4
3/25/2022,10:37:45 AM,48.4,30.7,49.8,48.2
3/25/2022,10:38:30 AM,48.7,30.7,49.5,48.0
3/25/2022,10:39:15 AM,48.8,30.7,49.7,48.2
3/25/2022,10:40:00 AM,48.5,30.7,49.9,48.4
3/25/2022,10:40:45 AM,49.2,30.8,50.1,48.2
3/25/2022,10:41:30 AM,48.7,30.8,49.6,48.2
3/25/2022,10:42:15 AM,48.9,30.8,50.3,48.4
3/25/2022,10:42:59 AM,49.5,30.8,49.6,48.3
3/25/2022,10:43:44 AM,48.9,30.8,50.2,48.4
3/25/2022,10:44:29 AM,48.8,30.9,49.9,49.1
3/25/2022,10:45:14 AM,48.9,30.8,50.5,48.5
3/25/2022,10:45:59 AM,49.5,30.9,49.9,48.8
3/25/2022,10:46:44 AM,49.6,30.9,50.4,48.5
3/25/2022,10:47:29 AM,48.9,30.9,49.9,48.7
3/25/2022,10:48:14 AM,49.1,30.9,50.5,49.4
3/25/2022,10:48:59 AM,49.7,30.9,50.5,49.4
3/25/2022,10:49:44 AM,49.8,30.9,50.1,49.2
3/25/2022,10:50:29 AM,49.2,30.9,50.5,48.7
3/25/2022,10:51:14 AM,49.9,30.8,50.3,49.4
3/25/2022,10:51:59 AM,49.9,30.8,50.2,49.3
3/25/2022,10:52:44 AM,49.3,30.8,50.9,48.9
3/25/2022,10:53:29 AM,49.4,30.8,50.4,49.2
3/25/2022,10:54:14 AM,50.1,30.8,50.9,49.1
3/25/2022,10:54:59 AM,50.1,30.8,50.9,49.9
3/25/2022,10:55:44 AM,50.0,30.8,50.5,49.9
3/25/2022,10:56:29 AM,50.1,30.8,51.1,49.3
3/25/2022,10:57:14 AM,49.6,30.8,51.1,50.0
3/25/2022,10:57:59 AM,49.6,30.8,51.1,49.5
3/25/2022,10:58:44 AM,50.1,30.8,50.6,49.9
3/25/2022,10:59:29 AM,49.6,30.8,50.6,49.4
3/25/2022,11:00:14 AM,50.3,30.8,51.2,49.7
3/25/2022,11:00:59 AM,50.4,30.8,51.2,49.8
3/25/2022,11:01:44 AM,49.7,30.7,51.3,49.6
3/25/2022,11:02:29 AM,50.3,30.7,51.2,50.5
3/25/2022,11:03:14 AM,50.5,30.8,50.8,50.5
3/25/2022,11:03:59 AM,50.6,30.7,51.2,50.1
3/25/2022,11:04:44 AM,50.5,30.7,51.5,49.7
3/25/2022,11:05:29 AM,50.5,30.7,51.5,50.1
3/25/2022,11:06:14 AM,50.0,30.7,51.5,49.9
3/25/2022,11:06:59 AM,50.7,30.7,51.0,50.5
3/25/2022,11:07:44 AM,50.0,30.7,51.2,50.7
3/25/2022,11:08:29 AM,50.3,30.7,51.6,50.1
3/25/2022,11:09:14 AM,50.4,30.7,51.2,49.9
3/25/2022,11:09:59 AM,50.7,30.7,51.6,50.0
3/25/2022,11:10:44 AM,50.8,30.7,51.8,50.3
3/25/2022,11:11:29 AM,50.8,30.7,51.8,50.1
3/25/2022,11:12:14 AM,50.9,30.7,51.8,50.1
3/25/2022,11:12:59 AM,50.2,30.8,51.2,50.3
3/25/2022,11:13:44 AM,50.3,30.7,51.8,50.7
3/25/2022,11:14:29 AM,50.8,30.8,51.3,50.2
3/25/2022,11:15:14 AM,50.4,30.8,52.0,50.9
3/25/2022,11:15:59 AM,51.1,30.8,51.3,50.3
3/25/2022,11:16:44 AM,51.1,30.8,52.1,50.8
3/25/2022,11:17:29 AM,50.4,30.8,51.7,51.0
3/25/2022,11:18:14 AM,50.5,30.9,52.0,51.1
3/25/2022,11:18:59 AM,51.3,30.8,51.5,50.9
3/25/2022,11:19:44 AM,50.5,30.9,51.6,51.2
3/25/2022,11:20:29 AM,50.9,30.9,52.1,51.1
3/25/2022,11:21:14 AM,50.6,30.9,51.6,50.8
3/25/2022,11:21:59 AM,50.8,30.9,52.2,51.4
3/25/2022,11:22:44 AM,51.1,30.9,52.3,51.3
3/25/2022,11:23:29 AM,50.7,30.9,51.8,51.2
3/25/2022,11:24:14 AM,51.2,30.9,51.8,50.7
3/25/2022,11:24:59 AM,51.0,30.9,52.5,51.4
3/25/2022,11:25:44 AM,51.3,31.0,52.5,50.7
3/25/2022,11:26:29 AM,50.8,31.0,52.5,50.8
3/25/2022,11:27:14 AM,51.1,31.0,52.5,51.3
3/25/2022,11:27:59 AM,51.5,31.0,52.0,51.4
3/25/2022,11:28:44 AM,51.0,31.0,52.6,50.8
3/25/2022,11:29:29 AM,51.0,31.0,52.0,50.9
3/25/2022,11:30:14 AM,51.5,31.0,52.5,50.9
3/25/2022,11:30:59 AM,51.1,31.1,52.7,51.7
3/25/2022,11:31:44 AM,51.1,31.1,52.7,51.7
3/25/2022,11:32:29 AM,51.8,31.2,52.7,51.8
3/25/2022,11:33:14 AM,51.4,31.2,52.9,51.2
3/25/2022,11:33:59 AM,51.8,31.2,52.3,51.2
3/25/2022,11:34:44 AM,51.3,31.2,52.3,51.3
3/25/2022,11:35:29 AM,51.6,31.2,52.9,51.3
3/25/2022,11:36:14 AM,51.3,31.2,53.0,51.6
3/25/2022,11:36:59 AM,52.1,31.3,52.5,51.4
3/25/2022,11:37:44 AM,51.3,31.2,52.5,52.0
3/25/2022,11:38:29 AM,51.5,31.3,52.6,51.5
3/25/2022,11:39:13 AM,52.1,31.3,53.1,51.4
3/25/2022,11:39:58 AM,51.5,31.3,52.6,51.6
3/25/2022,11:40:43 AM,51.5,31.3,52.6,52.2
3/25/2022,11:41:28 AM,51.7,31.3,53.0,52.1
3/25/2022,11:42:13 AM,52.2,31.3,52.9,51.6
3/25/2022,11:42:58 AM,51.7,31.3,53.4,52.4
3/25/2022,11:43:43 AM,52.0,31.3,53.4,51.6
3/25/2022,11:44:28 AM,51.8,31.3,52.9,51.9
3/25/2022,11:45:13 AM,52.5,31.3,53.3,51.9
3/25/2022,11:45:58 AM,51.7,31.3,52.9,51.9
3/25/2022,11:46:43 AM,52.0,31.3,53.5,52.6
3/25/2022,11:47:28 AM,51.9,31.3,53.0,51.8
3/25/2022,11:48:13 AM,52.6,31.3,53.6,52.6
3/25/2022,11:48:58 AM,52.4,31.3,53.6,52.2
3/25/2022,11:49:43 AM,52.0,31.3,53.0,51.9
3/25/2022,11:50:28 AM,52.7,31.3,53.2,51.9
3/25/2022,11:51:13 AM,52.7,31.3,53.6,52.0
3/25/2022,11:51:58 AM,52.6,31.3,53.1,52.7
3/25/2022,11:52:43 AM,52.0,31.3,53.1,52.2
3/25/2022,11:53:28 AM,52.8,31.4,53.3,52.1
3/25/2022,11:54:13 AM,52.8,31.4,53.3,52.2
3/25/2022,11:54:58 AM,52.7,31.4,53.9,52.2
3/25/2022,11:55:43 AM,52.8,31.4,53.8,52.0
3/25/2022,11:56:28 AM,52.3,31.3,53.8,52.7
3/25/2022,11:57:13 AM,52.6,31.3,53.9,52.2
3/25/2022,11:57:58 AM,52.7,31.4,54.0,52.2
3/25/2022,11:58:43 AM,52.8,31.4,53.8,52.1
3/25/2022,11:59:28 AM,52.4,31.4,53.4,52.5
3/25/2022,12:00:13 PM,52.9,31.4,53.9,52.4
3/25/2022,12:00:58 PM,52.5,31.4,53.5,52.9
3/25/2022,12:01:43 PM,52.4,31.4,53.7,53.0
3/25/2022,12:02:28 PM,52.5,31.4,54.1,53.1
3/25/2022,12:03:13 PM,52.4,31.3,53.7,52.9
3/25/2022,12:03:58 PM,52.4,31.4,54.0,53.1
3/25/2022,12:04:43 PM,52.8,31.4,53.7,52.5
3/25/2022,12:05:28 PM,52.6,31.3,54.1,52.6
3/25/2022,12:06:13 PM,53.2,31.3,53.7,53.1
3/25/2022,12:06:58 PM,52.5,31.4,54.3,52.8
3/25/2022,12:07:43 PM,52.5,31.4,54.3,52.8
3/25/2022,12:08:28 PM,53.3,31.4,54.3,53.4
3/25/2022,12:09:13 PM,53.2,31.3,53.9,53.4
3/25/2022,12:09:58 PM,53.0,31.3,53.9,52.8
3/25/2022,12:10:43 PM,52.9,31.4,54.4,53.4
3/25/2022,12:11:28 PM,53.2,31.3,53.9,52.7
3/25/2022,12:12:13 PM,53.4,31.3,53.9,53.5
3/25/2022,12:12:58 PM,53.4,31.4,54.6,53.4
3/25/2022,12:13:43 PM,52.8,31.4,54.5,52.9
3/25/2022,12:14:28 PM,53.2,31.3,54.6,53.5
3/25/2022,12:15:13 PM,53.2,31.3,54.6,53.7
3/25/2022,12:15:58 PM,53.5,31.3,54.1,53.3
3/25/2022,12:16:43 PM,52.9,31.3,54.6,53.7
3/25/2022,12:17:28 PM,53.5,31.3,54.6,53.2
3/25/2022,12:18:13 PM,53.6,31.3,54.8,53.6
3/25/2022,12:18:58 PM,53.2,31.3,54.7,53.8
3/25/2022,12:19:43 PM,53.6,31.3,54.6,53.7
3/25/2022,12:20:28 PM,53.1,31.3,54.4,53.1
3/25/2022,12:21:13 PM,53.7,31.3,54.3,54.0
3/25/2022,12:21:58 PM,53.2,31.3,54.8,53.3
3/25/2022,12:22:43 PM,53.7,31.3,54.8,53.9
3/25/2022,12:23:28 PM,53.2,31.3,54.8,54.0
3/25/2022,12:24:13 PM,53.2,31.3,54.4,53.3
3/25/2022,12:24:58 PM,54.0,31.3,54.9,53.2
3/25/2022,12:25:43 PM,53.9,31.3,54.8,54.0
3/25/2022,12:26:28 PM,53.9,31.3,55.1,54.1
3/25/2022,12:27:13 PM,53.3,31.3,54.3,53.9
3/25/2022,12:27:58 PM,53.3,31.3,55.2,54.3
3/25/2022,12:28:43 PM,53.9,31.3,54.6,54.3
3/25/2022,12:29:28 PM,53.9,31.3,54.5,53.5
3/25/2022,12:30:13 PM,53.6,31.3,55.1,53.5
3/25/2022,12:30:58 PM,53.4,31.3,54.6,54.1
3/25/2022,12:31:43 PM,53.5,31.3,54.7,53.8
3/25/2022,12:32:28 PM,53.4,31.3,55.2,54.2
3/25/2022,12:33:13 PM,53.5,31.3,54.6,53.9
3/25/2022,12:33:58 PM,54.1,31.3,55.3,53.7
3/25/2022,12:34:43 PM,53.6,31.3,55.3,53.5
3/25/2022,12:35:27 PM,53.6,31.3,54.8,54.0
3/25/2022,12:36:12 PM,53.6,31.3,54.7,53.5
3/25/2022,12:36:57 PM,54.3,31.3,54.8,53.8
3/25/2022,12:37:42 PM,53.7,31.3,55.3,53.7
3/25/2022,12:38:27 PM,54.4,31.3,54.8,53.8
3/25/2022,12:39:12 PM,53.6,31.3,55.0,53.7
3/25/2022,12:39:57 PM,54.1,31.3,55.4,53.9
3/25/2022,12:40:42 PM,53.7,31.3,55.4,54.1
3/25/2022,12:41:27 PM,54.1,31.3,54.8,53.8
3/25/2022,12:42:12 PM,53.8,31.3,55.2,53.7
3/25/2022,12:42:57 PM,54.4,31.3,55.4,53.9
3/25/2022,12:43:42 PM,54.6,31.3,55.4,54.6
3/25/2022,12:44:27 PM,53.8,31.3,54.9,54.6
3/25/2022,12:45:12 PM,54.0,31.4,55.6,54.5
3/25/2022,12:45:57 PM,53.9,31.4,55.5,54.0
3/25/2022,12:46:42 PM,54.5,31.3,55.1,53.8
3/25/2022,12:47:27 PM,54.3,31.3,55.6,54.4
3/25/2022,12:48:12 PM,54.5,31.3,55.5,54.4
3/25/2022,12:48:57 PM,54.4,31.3,55.1,54.3
3/25/2022,12:49:42 PM,54.6,31.3,55.6,54.6
3/25/2022,12:50:27 PM,54.5,31.4,55.2,54.7
3/25/2022,12:51:12 PM,54.6,31.3,55.7,54.8
3/25/2022,12:51:57 PM,54.7,31.3,55.7,54.0
3/25/2022,12:52:42 PM,54.7,31.3,55.3,54.1
3/25/2022,12:53:27 PM,54.7,31.3,55.7,54.8
3/25/2022,12:54:12 PM,54.6,31.3,55.2,54.6
3/25/2022,12:54:57 PM,54.7,31.2,55.8,54.1
3/25/2022,12:55:42 PM,54.2,31.2,55.3,54.4
3/25/2022,12:56:27 PM,54.8,31.2,55.9,54.6
3/25/2022,12:57:12 PM,54.8,31.2,55.7,54.8
3/25/2022,12:57:57 PM,54.8,31.2,55.8,54.7
3/25/2022,12:58:42 PM,54.5,31.3,55.4,54.8
3/25/2022,12:59:27 PM,54.7,31.2,56.0,54.8
3/25/2022,1:00:12 PM,54.6,31.2,55.5,54.3
3/25/2022,1:00:57 PM,54.5,31.2,55.5,54.3
3/25/2022,1:01:42 PM,54.3,31.2,56.1,54.2
3/25/2022,1:02:27 PM,54.4,31.2,55.9,54.9
3/25/2022,1:03:12 PM,55.0,31.2,56.1,54.2
3/25/2022,1:03:57 PM,54.4,31.2,55.9,55.0
3/25/2022,1:04:42 PM,55.0,31.2,56.0,54.4
3/25/2022,1:05:27 PM,54.7,31.3,56.0,54.4
3/25/2022,1:06:12 PM,55.0,31.3,55.7,55.0
3/25/2022,1:06:57 PM,54.4,31.3,55.7,54.5
3/25/2022,1:07:42 PM,55.1,31.3,56.0,54.4
3/25/2022,1:08:27 PM,55.1,31.3,56.2,54.5
3/25/2022,1:09:12 PM,55.3,31.3,56.0,54.6
3/25/2022,1:09:57 PM,54.7,31.3,56.2,55.0
3/25/2022,1:10:42 PM,54.6,31.3,55.7,55.1
3/25/2022,1:11:27 PM,55.3,31.4,56.2,55.4
3/25/2022,1:12:12 PM,55.3,31.3,55.8,55.0
3/25/2022,1:12:57 PM,54.7,31.3,55.8,55.3
3/25/2022,1:13:42 PM,54.7,31.3,56.2,54.7
3/25/2022,1:14:27 PM,54.8,31.4,56.3,55.4
3/25/2022,1:15:12 PM,54.8,31.4,56.3,55.4
3/25/2022,1:15:57 PM,55.0,31.4,55.8,54.7
3/25/2022,1:16:42 PM,54.9,31.4,56.4,55.1
3/25/2022,1:17:27 PM,54.9,31.4,56.2,55.3
3/25/2022,1:18:12 PM,54.7,31.4,56.1,54.8
3/25/2022,1:18:57 PM,54.7,31.4,56.4,55.0
3/25/2022,1:19:42 PM,55.3,31.4,56.1,54.8
3/25/2022,1:20:27 PM,54.7,31.4,56.5,55.5
3/25/2022,1:21:12 PM,55.5,31.4,56.5,55.7
3/25/2022,1:21:57 PM,54.8,31.4,56.1,55.8
3/25/2022,1:22:42 PM,54.9,31.4,56.0,55.8
3/25/2022,1:23:27 PM,55.0,31.4,56.7,55.6
3/25/2022,1:24:12 PM,54.8,31.4,56.7,55.1
3/25/2022,1:24:57 PM,55.5,31.4,56.1,55.0
3/25/2022,1:25:42 PM,54.9,31.4,56.7,55.9
3/25/2022,1:26:27 PM,55.1,31.5,56.6,55.3
3/25/2022,1:27:12 PM,54.9,31.4,56.1,55.1
3/25/2022,1:27:57 PM,55.0,31.4,56.3,55.9
3/25/2022,1:28:42 PM,55.5,31.4,56.7,56.1
3/25/2022,1:29:27 PM,55.7,31.4,56.4,55.9
3/25/2022,1:30:12 PM,55.8,31.4,56.2,55.9
3/25/2022,1:30:57 PM,55.1,31.4,56.3,55.9
3/25/2022,1:31:41 PM,55.7,31.4,56.2,55.3
3/25/2022,1:32:26 PM,55.8,31.4,56.8,55.6
3/25/2022,1:33:11 PM,55.2,31.4,56.4,56.1
3/25/2022,1:33:56 PM,55.2,31.4,56.3,55.9
3/25/2022,1:34:41 PM,55.9,31.4,56.7,55.8
3/25/2022,1:35:26 PM,55.3,31.4,56.8,55.3
3/25/2022,1:36:11 PM,55.6,31.4,56.5,56.1
3/25/2022,1:36:56 PM,55.8,31.4,57.0,55.8
3/25/2022,1:37:41 PM,55.8,31.4,57.1,56.1
3/25/2022,1:38:26 PM,55.8,31.4,56.5,55.5
3/25/2022,1:39:11 PM,55.8,31.4,56.5,56.0
3/25/2022,1:39:56 PM,55.3,31.4,56.7,56.2
3/25/2022,1:40:41 PM,55.2,31.4,57.0,55.7
3/25/2022,1:41:26 PM,55.4,31.4,57.0,56.4
3/25/2022,1:42:11 PM,55.8,31.4,56.6,55.8
3/25/2022,1:42:56 PM,55.9,31.4,57.2,56.2
3/25/2022,1:43:41 PM,55.9,31.4,56.7,56.3
3/25/2022,1:44:26 PM,55.6,31.4,57.1,56.4
3/25/2022,1:45:11 PM,55.8,31.4,56.5,56.4
3/25/2022,1:45:56 PM,55.6,31.4,57.1,56.0
3/25/2022,1:46:41 PM,55.4,31.4,57.2,55.4
3/25/2022,1:47:26 PM,55.5,31.4,57.0,55.9
3/25/2022,1:48:11 PM,56.1,31.4,56.8,56.2
3/25/2022,1:48:56 PM,56.2,31.4,56.7,55.7
3/25/2022,1:49:41 PM,55.5,31.4,57.2,55.8
3/25/2022,1:50:26 PM,56.1,31.4,57.3,56.5
3/25/2022,1:51:11 PM,56.1,31.4,56.7,56.5
3/25/2022,1:51:56 PM,55.5,31.4,57.4,56.3
3/25/2022,1:52:41 PM,56.2,31.4,57.2,55.7
3/25/2022,1:53:26 PM,56.2,31.4,56.9,56.4
3/25/2022,1:54:11 PM,55.8,31.4,56.7,55.8
3/25/2022,1:54:56 PM,55.5,31.4,57.4,55.6
3/25/2022,1:55:41 PM,55.6,31.4,57.5,56.5
3/25/2022,1:56:26 PM,55.8,31.4,57.3,55.7
3/25/2022,1:57:11 PM,56.4,31.4,57.5,55.9
3/25/2022,1:57:56 PM,55.8,31.4,56.9,55.7
3/25/2022,1:58:41 PM,56.5,31.4,56.9,55.8
3/25/2022,1:59:26 PM,56.3,31.4,56.9,55.9
3/25/2022,2:00:11 PM,56.1,31.4,56.9,56.4
3/25/2022,2:00:56 PM,55.8,31.4,56.9,55.8
3/25/2022,2:01:41 PM,56.1,31.4,57.5,55.9
3/25/2022,2:02:26 PM,55.9,31.4,57.0,56.5
3/25/2022,2:03:11 PM,56.5,31.4,57.4,55.8
3/25/2022,2:03:56 PM,55.8,31.4,56.9,55.9
3/25/2022,2:04:41 PM,56.1,31.4,56.9,56.5
3/25/2022,2:05:26 PM,56.4,31.4,57.6,56.1
3/25/2022,2:06:11 PM,56.6,31.4,57.5,56.8
3/25/2022,2:06:56 PM,56.4,31.4,57.0,56.0
3/25/2022,2:07:41 PM,56.1,31.4,57.0,56.0
3/25/2022,2:08:26 PM,56.0,31.4,57.5,56.8
3/25/2022,2:09:11 PM,56.1,31.4,57.5,56.4
3/25/2022,2:09:56 PM,55.8,31.4,57.0,56.0
3/25/2022,2:10:41 PM,56.4,31.4,57.5,56.0
3/25/2022,2:11:26 PM,56.7,31.4,57.6,56.7
3/25/2022,2:12:11 PM,55.8,31.5,57.5,56.0
3/25/2022,2:12:56 PM,56.7,31.5,57.1,56.0
3/25/2022,2:13:41 PM,56.5,31.5,57.1,56.4
3/25/2022,2:14:26 PM,56.7,31.5,57.7,56.5
3/25/2022,2:15:11 PM,56.0,31.5,57.1,57.0
3/25/2022,2:15:56 PM,56.2,31.5,57.2,56.1
3/25/2022,2:16:41 PM,56.5,31.5,57.6,56.8
3/25/2022,2:17:26 PM,56.0,31.5,57.2,56.7
3/25/2022,2:18:11 PM,56.6,31.5,57.8,56.3
3/25/2022,2:18:56 PM,56.0,31.5,57.2,56.3
3/25/2022,2:19:41 PM,56.8,31.5,57.7,56.9
3/25/2022,2:20:26 PM,56.8,31.5,57.9,56.2
3/25/2022,2:21:11 PM,56.5,31.5,57.8,56.4
3/25/2022,2:21:56 PM,56.9,31.5,57.8,56.9
3/25/2022,2:22:41 PM,56.7,31.5,58.0,56.4
3/25/2022,2:23:26 PM,56.7,31.5,57.3,56.3
3/25/2022,2:24:11 PM,56.7,31.5,57.3,56.3
3/25/2022,2:24:56 PM,56.2,31.5,57.5,56.4
3/25/2022,2:25:41 PM,56.4,31.5,58.0,56.4
3/25/2022,2:26:26 PM,56.2,31.5,57.9,56.3
3/25/2022,2:27:11 PM,56.1,31.5,57.8,57.2
3/25/2022,2:27:55 PM,56.8,31.5,57.3,57.2
3/25/2022,2:28:40 PM,56.3,31.5,57.6,57.2
3/25/2022,2:29:25 PM,57.0,31.5,57.9,57.2
3/25/2022,2:30:10 PM,57.0,31.5,58.1,56.6
3/25/2022,2:30:55 PM,56.5,31.5,58.0,56.5
3/25/2022,2:31:40 PM,56.9,31.5,57.6,56.8
3/25/2022,2:32:25 PM,56.9,31.5,57.6,56.8
3/25/2022,2:33:10 PM,56.9,31.5,57.6,56.5
3/25/2022,2:33:55 PM,56.6,31.5,58.0,56.6
3/25/2022,2:34:40 PM,57.1,31.5,58.1,56.7
3/25/2022,2:35:25 PM,56.3,31.5,57.4,56.7
3/25/2022,2:36:10 PM,56.4,31.5,58.0,57.3
3/25/2022,2:36:55 PM,56.4,31.5,58.2,56.5
3/25/2022,2:37:40 PM,56.3,31.5,58.1,57.3
3/25/2022,2:38:25 PM,56.4,31.5,57.5,56.9
3/25/2022,2:39:10 PM,57.1,31.5,58.1,57.1
3/25/2022,2:39:55 PM,56.9,31.5,58.1,56.7
3/25/2022,2:40:40 PM,57.2,31.6,58.2,57.6
3/25/2022,2:41:25 PM,56.8,31.6,58.1,56.7
3/25/2022,2:42:10 PM,56.6,31.6,57.7,56.8
3/25/2022,2:42:55 PM,56.4,31.6,58.1,56.9
3/25/2022,2:43:40 PM,56.4,31.6,57.6,56.7
3/25/2022,2:44:25 PM,56.6,31.6,58.1,57.6
3/25/2022,2:45:10 PM,57.2,31.6,58.0,57.3
3/25/2022,2:45:55 PM,56.4,31.6,58.3,56.8
3/25/2022,2:46:40 PM,57.0,31.6,58.2,56.7
3/25/2022,2:47:25 PM,57.1,31.6,57.8,56.6
3/25/2022,2:48:10 PM,56.4,31.6,57.6,57.4
3/25/2022,2:48:55 PM,57.3,31.6,58.4,56.9
3/25/2022,2:49:40 PM,56.6,31.7,58.2,56.9
3/25/2022,2:50:25 PM,56.5,31.6,57.7,57.1
3/25/2022,2:51:10 PM,56.8,31.6,58.2,57.8
3/25/2022,2:51:55 PM,57.3,31.6,58.3,56.7
3/25/2022,2:52:40 PM,57.2,31.6,57.7,57.3
3/25/2022,2:53:25 PM,56.6,31.6,58.4,57.4
3/25/2022,2:54:10 PM,56.7,31.6,58.3,57.2
3/25/2022,2:54:55 PM,56.6,31.6,58.3,57.0
3/25/2022,2:55:40 PM,56.9,31.7,57.8,56.8
3/25/2022,2:56:25 PM,56.5,31.6,58.4,57.5
3/25/2022,2:57:10 PM,56.8,31.7,58.2,56.8
3/25/2022,2:57:55 PM,57.3,31.7,57.8,57.6
3/25/2022,2:58:40 PM,56.7,31.7,58.3,56.7
3/25/2022,2:59:25 PM,56.7,31.7,58.4,57.3
3/25/2022,3:00:10 PM,56.7,31.7,57.9,57.5
3/25/2022,3:00:55 PM,57.0,31.7,57.9,56.8
3/25/2022,3:01:40 PM,57.3,31.7,57.9,57.4
3/25/2022,3:02:25 PM,56.9,31.7,58.4,56.8
3/25/2022,3:03:10 PM,57.3,31.7,57.9,57.5
3/25/2022,3:03:55 PM,57.0,31.7,58.0,57.0
3/25/2022,3:04:40 PM,57.3,31.7,58.0,57.0
3/25/2022,3:05:25 PM,57.3,31.7,57.9,57.8
3/25/2022,3:06:10 PM,56.8,31.7,58.6,57.7
3/25/2022,3:06:55 PM,56.8,31.7,58.0,57.6
3/25/2022,3:07:40 PM,57.3,31.7,58.6,57.5
3/25/2022,3:08:25 PM,57.4,31.7,58.6,57.2
3/25/2022,3:09:10 PM,57.2,31.7,58.7,57.1
3/25/2022,3:09:55 PM,57.4,31.7,58.0,57.6
3/25/2022,3:10:40 PM,57.5,31.7,58.0,56.9
3/25/2022,3:11:25 PM,57.3,31.7,58.2,57.1
3/25/2022,3:12:10 PM,57.5,31.8,58.0,57.8
3/25/2022,3:12:55 PM,57.3,31.8,58.6,57.8
3/25/2022,3:13:40 PM,57.5,31.8,58.3,57.9
3/25/2022,3:14:25 PM,56.9,31.8,58.0,57.6
3/25/2022,3:15:10 PM,57.1,31.8,58.0,57.9
3/25/2022,3:15:55 PM,57.5,31.8,58.6,57.9
3/25/2022,3:16:40 PM,57.2,31.8,58.6,57.0
3/25/2022,3:17:25 PM,56.8,31.8,58.3,57.8
3/25/2022,3:18:10 PM,57.0,31.8,58.1,57.2
3/25/2022,3:18:55 PM,57.5,31.7,58.6,57.7
3/25/2022,3:19:40 PM,57.6,31.8,58.7,57.8
3/25/2022,3:20:25 PM,57.2,31.8,58.2,57.8
3/25/2022,3:21:10 PM,57.4,31.8,58.7,57.4
3/25/2022,3:21:55 PM,57.1,31.7,58.7,58.0
3/25/2022,3:22:40 PM,57.2,31.7,58.6,57.5
3/25/2022,3:23:25 PM,57.3,31.7,58.9,57.1
3/25/2022,3:24:09 PM,57.0,31.7,58.7,57.8
3/25/2022,3:24:54 PM,57.3,31.7,58.2,57.2
3/25/2022,3:25:39 PM,57.8,31.7,58.2,57.9
3/25/2022,3:26:24 PM,57.1,31.7,58.7,57.9
3/25/2022,3:27:09 PM,57.8,31.7,58.7,57.6
3/25/2022,3:27:54 PM,57.8,31.7,58.7,57.3
3/25/2022,3:28:39 PM,57.2,31.7,58.2,57.2
3/25/2022,3:29:24 PM,57.0,31.7,58.2,57.2
3/25/2022,3:30:09 PM,57.2,31.7,58.4,57.3
3/25/2022,3:30:54 PM,57.3,31.7,58.9,57.3
3/25/2022,3:31:39 PM,57.7,31.7,59.0,58.2
3/25/2022,3:32:24 PM,57.1,31.7,58.3,57.5
3/25/2022,3:33:09 PM,57.6,31.6,59.0,58.1
3/25/2022,3:33:54 PM,57.3,31.6,58.3,58.0
3/25/2022,3:34:39 PM,57.9,31.7,58.4,57.4
3/25/2022,3:35:24 PM,57.6,31.6,58.4,57.2
3/25/2022,3:36:09 PM,57.9,31.6,58.6,57.4
3/25/2022,3:36:54 PM,57.6,31.7,58.9,58.0
3/25/2022,3:37:39 PM,57.6,31.6,58.5,57.5
3/25/2022,3:38:24 PM,57.9,31.6,58.9,57.3
3/25/2022,3:39:09 PM,57.1,31.6,58.8,57.4
3/25/2022,3:39:54 PM,57.1,31.6,58.5,58.1
3/25/2022,3:40:39 PM,57.2,31.5,58.4,58.2
3/25/2022,3:41:24 PM,57.2,31.5,59.1,57.9
3/25/2022,3:42:09 PM,57.3,31.5,58.9,57.4
3/25/2022,3:42:54 PM,57.9,31.5,59.0,58.3
3/25/2022,3:43:39 PM,57.2,31.5,58.9,57.5
3/25/2022,3:44:24 PM,57.9,31.5,58.4,58.2
3/25/2022,3:45:09 PM,57.2,31.5,59.0,58.3
3/25/2022,3:45:54 PM,57.9,31.5,58.9,58.2
3/25/2022,3:46:39 PM,57.5,31.5,58.4,58.3
3/25/2022,3:47:24 PM,57.8,31.5,59.0,57.9
3/25/2022,3:48:09 PM,57.2,31.5,58.5,57.5
3/25/2022,3:48:54 PM,57.8,31.5,58.5,58.3
3/25/2022,3:49:39 PM,57.2,31.4,58.6,58.4
3/25/2022,3:50:24 PM,57.8,31.4,59.1,58.2
3/25/2022,3:51:09 PM,57.3,31.4,58.6,57.7
3/25/2022,3:51:54 PM,57.7,31.5,58.6,58.3
3/25/2022,3:52:39 PM,57.3,31.4,59.1,57.6
3/25/2022,3:53:24 PM,57.8,31.4,58.5,57.6
3/25/2022,3:54:09 PM,57.3,31.4,59.1,57.6
3/25/2022,3:54:54 PM,57.7,31.4,59.1,57.9
3/25/2022,3:55:39 PM,57.4,31.4,58.6,57.7
3/25/2022,3:56:24 PM,57.9,31.4,59.0,57.7
3/25/2022,3:57:09 PM,58.1,31.4,59.0,58.4
3/25/2022,3:57:54 PM,57.4,31.4,58.6,58.1
